index,top_topic_name_1,top_topic_weight_1,top_topic_name_2,top_topic_weight_2,top_topic_name_3,top_topic_weight_3
0,topic_8,47.02950812182156,topic_4,20.11804252411204,topic_7,19.60700497547357
1,topic_8,68.58130562509143,topic_9,12.498282838219083,topic_4,9.386915483003818
2,topic_9,32.585941794506034,topic_8,21.73755253520923,topic_3,21.134946449418997
3,topic_2,29.04341537485184,topic_8,22.80454112084836,topic_7,21.057695669591272
4,topic_4,32.61442601410679,topic_8,27.588518116352866,topic_6,9.661190851880528
5,topic_9,43.64944506486385,topic_7,27.57292549163935,topic_4,25.97492771922306
6,topic_9,89.69623462122225,topic_7,10.30376537877775,topic_1,0.0
7,topic_2,55.94114655155061,topic_4,33.5614478584789,topic_9,5.542210752685206
8,topic_2,75.33414383949393,topic_4,9.039125011399705,topic_8,8.756673571579885
9,topic_9,80.40157787439394,topic_4,13.070583024881024,topic_2,6.527839100725043
10,topic_4,47.86012484627729,topic_8,22.334239867637077,topic_2,8.304630207367035
11,topic_4,78.79290492454415,topic_7,7.383510193018052,topic_8,6.796207431000588
12,topic_9,79.63486391435445,topic_5,13.590527262479611,topic_8,3.470959037582741
13,topic_6,99.5123093238996,topic_2,0.4876906761004064,topic_1,0.0
14,topic_6,98.06964930957348,topic_8,1.6574923223229765,topic_4,0.2647436666510519
15,topic_9,41.715833836928205,topic_8,35.82451437940977,topic_2,20.58649627638433
16,topic_5,48.85309266682042,topic_9,22.23106953302161,topic_2,15.622245605900902
17,topic_9,83.41732451338885,topic_8,16.582675486611155,topic_1,0.0
18,topic_6,95.7472923583815,topic_8,3.0597252822414087,topic_4,1.086314203088071
19,topic_8,55.23758193387494,topic_4,31.932988792943718,topic_2,5.197741652217722
20,topic_8,77.66858966542226,topic_4,9.231168472713874,topic_2,7.977010998051621
21,topic_4,74.52820803250025,topic_7,13.072994039134938,topic_8,9.906487239416414
22,topic_9,75.05801291638929,topic_4,20.51777593428894,topic_3,2.937412750838811
23,topic_9,31.619671131409437,topic_4,26.464040956049185,topic_8,16.08607002013857
24,topic_4,99.49444213930067,topic_10,0.5055578606993166,topic_1,0.0
25,topic_9,55.59827648989494,topic_6,26.11096045235772,topic_4,11.255788364748115
26,topic_8,98.89985341756524,topic_1,1.100146582434761,topic_2,0.0
27,topic_5,54.47983999187082,topic_9,24.890368968691785,topic_2,17.746591459560534
28,topic_2,79.22730246199718,topic_5,15.629683660205975,topic_4,3.795246933504442
29,topic_4,52.740054874502846,topic_9,22.65092106077924,topic_2,9.51797493314725
30,topic_2,44.1807810872348,topic_9,23.618369841092107,topic_3,18.91705584793732
31,topic_4,51.29717383314583,topic_9,35.516148300886854,topic_8,10.634803511241495
32,topic_5,92.3074585760678,topic_2,4.807346005503743,topic_9,2.016866805799255
33,topic_9,84.40382381246336,topic_2,8.411438243936335,topic_6,4.852681041660181
34,topic_4,53.33040318031627,topic_9,23.112401512331747,topic_5,10.575430583072176
35,topic_4,71.085884105283,topic_9,28.91411589471701,topic_1,0.0
36,topic_4,24.955359615725012,topic_9,22.077813897799142,topic_8,17.894880619702263
37,topic_4,53.40353331982475,topic_2,21.76694362664897,topic_9,18.692264149424314
38,topic_4,74.4821070374796,topic_9,24.31934274155424,topic_2,1.1985502209661634
39,topic_7,32.52272303193901,topic_4,23.239510971562364,topic_9,22.993750393560237
40,topic_4,59.78229066056125,topic_2,20.830799862414025,topic_8,17.341390755260065
41,topic_8,49.25179091499291,topic_4,20.63728700328353,topic_9,17.778294866766487
42,topic_4,39.61985808120943,topic_9,32.782120137799296,topic_2,11.94645706417777
43,topic_6,54.73684189285864,topic_2,36.85882177964061,topic_9,8.229452977161472
44,topic_2,87.82867532959314,topic_4,10.78617205130744,topic_1,0.872908734252669
45,topic_4,57.18699488318247,topic_7,18.47899047879263,topic_2,9.453107285522824
46,topic_4,50.04169579342957,topic_9,16.879837275039336,topic_2,16.647859272152022
47,topic_4,69.13820047308451,topic_5,13.227911250168662,topic_8,12.161212996467142
48,topic_2,71.37518431230069,topic_4,25.977029784375468,topic_8,1.3845323453074885
49,topic_9,52.22563274315329,topic_4,15.64626419875531,topic_2,11.819893829385649
50,topic_4,78.95198014394079,topic_5,8.711369969987729,topic_6,3.5733112217546656
51,topic_4,99.41498143183186,topic_6,0.5850185681681481,topic_1,0.0
52,topic_5,27.17702437109789,topic_4,26.576535704504604,topic_8,17.03853880321156
53,topic_6,66.8819449941208,topic_9,26.021291468140703,topic_2,2.591443866102689
54,topic_6,60.33441463951479,topic_9,37.28576624203928,topic_4,2.1513298773808125
55,topic_4,99.64291389649053,topic_7,0.3570861035094973,topic_1,0.0
56,topic_9,81.03028063984856,topic_8,11.189752441330134,topic_4,3.601875128245574
57,topic_4,99.4737043185314,topic_9,0.5262956814686032,topic_1,0.0
58,topic_4,95.43070054301148,topic_7,4.096872015011559,topic_5,0.4724274419769843
59,topic_4,57.91321470541192,topic_9,26.200576528950947,topic_3,10.380658142348246
60,topic_3,82.521777299094,topic_8,9.715078393500972,topic_9,5.453470544083941
61,topic_8,25.71056883310669,topic_4,24.14390418152472,topic_9,22.18229857453346
62,topic_9,85.54999595946467,topic_7,14.11297483320289,topic_8,0.3370292073324329
63,topic_4,99.36879538901267,topic_8,0.6312046109873186,topic_1,0.0
64,topic_4,80.74880760912417,topic_3,12.50307375788758,topic_2,6.748118632988249
65,topic_8,53.769193287379714,topic_9,38.74035935749142,topic_5,4.4643097765597
66,topic_5,28.922609158757236,topic_8,23.104447616167363,topic_4,18.28994840700796
67,topic_9,57.05205271375099,topic_8,23.70024448053077,topic_5,10.243525197265376
68,topic_3,40.6044146492658,topic_5,24.96263840399708,topic_8,18.16729021238834
69,topic_8,74.2399271441051,topic_9,14.00310773694048,topic_2,6.6230523078931
70,topic_9,45.258085482374746,topic_2,17.95012743069927,topic_5,17.316780816485196
71,topic_9,30.610864888837103,topic_2,29.113315836877653,topic_8,18.276463764142395
72,topic_8,36.96410402383333,topic_9,30.8814783068548,topic_5,13.063664120268625
73,topic_4,34.415905458876296,topic_6,14.98021459228272,topic_8,11.529356776429706
74,topic_2,39.81011968962812,topic_9,32.18921577563447,topic_7,11.303473028715038
75,topic_2,49.0271348202751,topic_5,28.641673206804057,topic_3,19.32333599512173
76,topic_8,62.62681172151064,topic_4,13.694299295190834,topic_2,11.05640553009702
77,topic_6,47.03551556240561,topic_9,19.164767581343344,topic_5,15.149287184886198
78,topic_4,100.0,topic_1,0.0,topic_2,0.0
79,topic_2,49.683884721753806,topic_9,31.29432648987096,topic_4,9.978351526016858
80,topic_2,52.15690106891002,topic_9,40.45350772985898,topic_4,6.9057136389354525
81,topic_9,69.64038878340918,topic_4,17.62365569000407,topic_2,5.913919150837687
82,topic_3,86.47848318389677,topic_4,7.082683293777884,topic_9,2.405524911099252
83,topic_4,53.25911493809898,topic_2,37.62333414040556,topic_9,9.093841635702413
84,topic_4,98.76802217007794,topic_8,0.7251628691224616,topic_5,0.2806395460036779
85,topic_4,89.20694565047557,topic_2,8.31043077579666,topic_5,2.4826235737277647
86,topic_4,94.48312024099307,topic_8,3.863419579207963,topic_2,1.4683752836198043
87,topic_3,67.89572708371195,topic_7,10.643668334218171,topic_5,9.65423994013842
88,topic_4,92.06406875412983,topic_5,3.4909862135532204,topic_7,1.936292345679595
89,topic_8,84.29265105720502,topic_2,4.718779895603499,topic_5,4.322142798541058
90,topic_8,77.85873255624773,topic_4,11.643114760925664,topic_5,4.041437372008905
91,topic_9,47.05659500111445,topic_4,19.131709715283492,topic_8,18.485063248041456
92,topic_9,100.0,topic_1,0.0,topic_2,0.0
93,topic_9,27.082884144129107,topic_4,23.03077797680124,topic_8,15.41464964902915
94,topic_4,45.28722913409428,topic_9,32.264785293728785,topic_2,11.73471662332287
95,topic_9,52.6916571329213,topic_4,17.7896094138943,topic_2,12.809281807406704
96,topic_9,79.12852294999949,topic_3,8.03009926886005,topic_5,7.683718582516028
97,topic_9,55.901488971783,topic_4,25.03120242806658,topic_2,15.29321778279492
98,topic_7,57.1310284585625,topic_3,42.12900466821053,topic_9,0.7399668732269735
99,topic_3,99.97196294660218,topic_6,0.0280370533978287,topic_1,0.0
100,topic_9,71.33822167739218,topic_4,28.511861189380124,topic_6,0.1499171332276889
101,topic_9,42.305566041890856,topic_4,26.16479062196122,topic_2,14.311367576366552
102,topic_8,98.23202921037928,topic_4,1.3490579960859503,topic_5,0.3701463841335657
103,topic_8,98.39053916144093,topic_7,1.6094608385590852,topic_1,0.0
104,topic_9,51.61120296803608,topic_8,30.538800640148104,topic_2,15.21141013827277
105,topic_1,,topic_2,,topic_3,
106,topic_9,89.35744976282791,topic_4,8.514215033411523,topic_2,2.1283352037605785
107,topic_6,41.85604124233052,topic_9,38.76300754336624,topic_8,14.807212485058985
108,topic_9,99.52131808765154,topic_8,0.4786819123484556,topic_1,0.0
109,topic_9,76.2481556065179,topic_4,17.91494681081175,topic_2,3.94435001791538
110,topic_9,87.59921346927865,topic_5,12.400786530721344,topic_1,0.0
111,topic_9,26.56098987303052,topic_8,20.323953517884203,topic_4,20.114676766783248
112,topic_8,52.681980051719904,topic_9,38.76577993259267,topic_1,4.242227309663047
113,topic_9,38.4752937550462,topic_8,27.724717927964956,topic_2,27.530677742720886
114,topic_7,49.483914608232666,topic_9,32.92667381869437,topic_2,13.630659804714911
115,topic_9,99.23797562208192,topic_4,0.762024377918072,topic_1,0.0
116,topic_9,53.506811684216736,topic_8,23.47910045072396,topic_2,9.768980408001092
117,topic_9,30.51920847883228,topic_7,17.586361468834763,topic_6,16.170357950120025
118,topic_9,71.140048529459,topic_4,16.255144643933985,topic_2,12.604806826607016
119,topic_3,62.87666852212564,topic_9,13.727279167386838,topic_8,9.76479258985103
120,topic_9,61.50937028452879,topic_7,21.3835766292982,topic_8,13.73306211690816
121,topic_9,91.45632835831006,topic_7,7.968032371510304,topic_10,0.4787716490992489
122,topic_8,60.36262431599416,topic_4,37.88560665851269,topic_9,1.7517690254931513
123,topic_8,40.99024363137804,topic_4,34.019205892912034,topic_9,21.23119363493811
124,topic_2,35.46923897597903,topic_8,29.24163263580312,topic_4,24.36400773168916
125,topic_9,72.7322217098424,topic_4,17.56227028014926,topic_8,7.448111081940435
126,topic_2,95.4179529180767,topic_7,3.764115368811797,topic_4,0.8179317131114954
127,topic_8,63.19411768749588,topic_9,20.003755043947542,topic_7,16.230555271695085
128,topic_9,81.94406795802918,topic_4,10.693058024171782,topic_2,7.362874017799057
129,topic_8,43.41742025458048,topic_9,31.071603159463844,topic_4,12.626214521685558
130,topic_8,51.37684666264993,topic_9,45.77181015498807,topic_1,2.8513431823619926
131,topic_8,31.4635078618103,topic_4,30.168614112975312,topic_2,17.81667643958467
132,topic_8,56.90123008979804,topic_4,21.14950190931278,topic_2,10.806249159823174
133,topic_2,67.94494537999539,topic_9,32.055054620004604,topic_1,0.0
134,topic_4,36.34185104359479,topic_8,35.60415212638711,topic_7,15.115717259376748
135,topic_8,93.82099567867267,topic_4,2.275233713609552,topic_2,2.13046477114532
136,topic_8,51.72775680260504,topic_7,18.34401418284172,topic_2,12.438707045399369
137,topic_8,95.99673636417104,topic_9,2.664254600510491,topic_1,1.3390090353184665
138,topic_2,93.43017753961892,topic_3,3.9131783256441706,topic_4,2.6566441347369256
139,topic_9,26.7729972179712,topic_4,23.233407091794817,topic_2,21.448294449396982
140,topic_7,76.41053653931341,topic_3,20.541023720226168,topic_5,3.0484397404604247
141,topic_9,48.89206232410125,topic_4,25.620241678541586,topic_2,18.47085512150217
142,topic_9,37.80837385204093,topic_8,36.47993043761631,topic_4,14.99770665176608
143,topic_9,53.18810796476946,topic_8,27.206358656885342,topic_2,17.54044847781921
144,topic_2,100.0,topic_1,0.0,topic_3,0.0
145,topic_4,81.55798666262794,topic_8,15.1843508922355,topic_5,2.400580462557193
146,topic_4,96.9514882706937,topic_3,1.5776946780169687,topic_5,0.5853542475721755
147,topic_9,57.37116156947612,topic_5,21.798508883506557,topic_8,7.097257058015262
148,topic_4,47.0223924485852,topic_9,42.34958255645189,topic_5,8.608037341790816
149,topic_2,38.49922198495761,topic_4,36.42373074970825,topic_9,21.95194787018646
150,topic_5,95.79719923416653,topic_3,3.3076467047658853,topic_2,0.8951540610675833
151,topic_8,35.333896825436845,topic_3,32.56592852988555,topic_5,16.586169411368406
152,topic_8,31.788585191264985,topic_4,29.394298251622835,topic_2,15.843257793068789
153,topic_4,37.64133610907716,topic_2,29.642602886454487,topic_8,23.95909373681018
154,topic_4,98.86012626774443,topic_3,1.1398737322555583,topic_1,0.0
155,topic_8,63.746514942768094,topic_4,18.83005702323068,topic_2,15.813701521216831
156,topic_4,97.99200524436915,topic_3,2.0079947556308126,topic_1,0.0
157,topic_4,88.73256981707159,topic_5,5.46417696192617,topic_2,3.5276368486038803
158,topic_4,52.41813721257846,topic_5,15.184435702486311,topic_8,10.21443852749266
159,topic_9,38.137094133640176,topic_4,36.34042886525649,topic_8,10.605882438027797
160,topic_4,82.3212380193612,topic_6,11.757293051464424,topic_8,3.0027673039949043
161,topic_2,44.61342060411023,topic_4,43.993058450462414,topic_9,11.393520945427351
162,topic_4,93.4654277365178,topic_9,3.667575573046305,topic_5,1.4883418107245123
163,topic_4,83.46020668594889,topic_9,16.278510479627922,topic_6,0.2612828344231853
164,topic_9,50.157064406406505,topic_4,47.92899460992854,topic_8,1.6589623666659357
165,topic_2,67.73875695446417,topic_7,18.3142358307047,topic_4,5.943470601039291
166,topic_4,91.0600012679693,topic_9,5.638993403133553,topic_3,3.301005328897134
167,topic_4,87.99239362451277,topic_8,6.392701020488447,topic_9,3.7961788777504473
168,topic_2,52.18228539888259,topic_9,25.94296160811939,topic_4,9.624757215035457
169,topic_4,83.32833793628538,topic_9,16.671662063714614,topic_1,0.0
170,topic_4,99.93293229047694,topic_6,0.0670677095230583,topic_1,0.0
171,topic_9,34.80839428492998,topic_4,30.81714086116254,topic_7,25.2596001615215
172,topic_4,96.26988194837044,topic_3,3.706169373398359,topic_8,0.0239486782312093
173,topic_2,52.37175762504473,topic_9,41.941619483566576,topic_4,3.261127444679344
174,topic_9,45.18528180449691,topic_4,33.89353236378692,topic_8,11.9962559506844
175,topic_9,49.721129023709146,topic_4,47.91441162356772,topic_2,1.4539393306069397
176,topic_4,75.09468428366523,topic_9,22.62629037237996,topic_2,1.2584756424036925
177,topic_4,51.22672633723582,topic_9,48.77327366276418,topic_1,0.0
178,topic_9,70.22071582815725,topic_4,26.28313241965701,topic_2,1.6819576656959296
179,topic_6,75.08887118090809,topic_4,13.973579034610031,topic_9,9.060312660036894
180,topic_9,45.27404073667935,topic_4,30.472464610474017,topic_2,9.43477334945516
181,topic_4,42.427897975366506,topic_7,26.68701804852244,topic_9,18.74910440710628
182,topic_6,47.68827344879062,topic_7,46.17143213610698,topic_2,1.8964812003630596
183,topic_9,93.43751525968214,topic_2,4.098104975097027,topic_5,1.98282467826748
184,topic_9,70.07680214834573,topic_2,29.923197851654265,topic_1,0.0
185,topic_9,98.8441674375645,topic_4,1.155832562435494,topic_1,0.0
186,topic_9,65.66736947288268,topic_2,31.322320412973244,topic_8,1.5279069757729398
187,topic_9,94.84742828269206,topic_2,4.037350466235809,topic_7,1.1152212510721309
188,topic_9,48.70736165131907,topic_2,43.51431668883414,topic_7,4.303505560729097
189,topic_2,46.66706341886948,topic_9,46.44999857138416,topic_4,5.5556058806025455
190,topic_9,58.27140310846115,topic_2,33.53998153005314,topic_4,7.680917604632749
191,topic_4,63.618438560823314,topic_9,30.22821409271736,topic_3,3.2876774534285267
192,topic_4,49.83839072221248,topic_9,44.21765837733062,topic_2,3.065130134217618
193,topic_4,52.99453139517463,topic_9,35.10033519736195,topic_8,5.998713802250679
194,topic_9,58.75690619089457,topic_4,38.465380539119806,topic_2,2.156455884449625
195,topic_9,79.51141499975105,topic_4,13.204766407033317,topic_2,6.440979291150725
196,topic_2,91.57259836345384,topic_4,5.01034620136966,topic_9,1.8042979289294263
197,topic_2,63.03690160372266,topic_9,30.933612198475444,topic_4,6.029486197801895
198,topic_4,99.16869475768888,topic_2,0.8313052423111366,topic_1,0.0
199,topic_2,50.49437488270903,topic_9,40.63713578894185,topic_7,4.406457588119179
200,topic_4,49.02698154294398,topic_9,36.30217199075647,topic_2,7.16637982008686
201,topic_2,78.43804369457817,topic_9,15.941330319646712,topic_4,5.620625985775133
202,topic_4,74.66412478629154,topic_9,24.353571174496263,topic_3,0.9823040392122036
203,topic_2,86.06373699364634,topic_4,8.025853131798815,topic_9,3.9188038036891193
204,topic_9,84.4126809499749,topic_4,9.607679888843546,topic_2,3.6462365490950632
205,topic_9,50.11666343823491,topic_4,43.60805821407565,topic_2,3.394370854089704
206,topic_9,35.98963843277557,topic_4,31.60571201660246,topic_8,14.165170270580914
207,topic_4,46.5440252150866,topic_7,18.645324010912194,topic_9,16.286338629606988
208,topic_4,95.97263405868584,topic_7,2.303416514629018,topic_5,0.8962977362079542
209,topic_4,49.366630385272224,topic_9,23.86833585441269,topic_7,14.5926102825329
210,topic_9,30.670721944786816,topic_4,25.9461872111435,topic_8,13.870624235963238
211,topic_4,92.6547323112519,topic_2,3.749490155239553,topic_7,3.5957775335085307
212,topic_4,71.34884267290217,topic_9,19.17768531568533,topic_7,6.547031018839955
213,topic_4,97.18771561886216,topic_7,2.8122843811378417,topic_1,0.0
214,topic_4,57.812142542816936,topic_8,26.013070223764807,topic_6,10.139729583102817
215,topic_9,98.16182884425216,topic_8,1.838171155747831,topic_1,0.0
216,topic_9,98.68226735537442,topic_7,0.7789523577260917,topic_8,0.5387802868994995
217,topic_5,47.21491565750427,topic_2,21.474069064857023,topic_3,11.13207119095567
218,topic_2,31.834881688374484,topic_5,23.128730681057977,topic_4,20.386109482542604
219,topic_8,72.43261770237375,topic_4,19.903172973844026,topic_9,6.650012183310984
220,topic_8,88.12352329786533,topic_9,6.242090687038959,topic_4,5.281092359226772
221,topic_4,66.30537398291804,topic_8,31.513314240714333,topic_5,1.2025232319827412
222,topic_4,59.90428453361601,topic_7,27.34904664413638,topic_8,4.498479745647793
223,topic_4,99.08863501665007,topic_5,0.5038742487941509,topic_7,0.4074907345557613
224,topic_4,81.45311555298478,topic_8,9.4036323277851,topic_5,8.212752764996944
225,topic_5,38.34911998596401,topic_4,31.64676705099846,topic_2,12.384341583317362
226,topic_4,74.66826808362251,topic_6,12.014173293429849,topic_8,8.385757128190015
227,topic_4,61.11605977620009,topic_8,27.81408341692357,topic_9,5.59711288924988
228,topic_9,66.06545566327108,topic_4,21.325713427401745,topic_2,9.181831510106743
229,topic_4,54.62720608475897,topic_8,27.4606207167263,topic_7,16.351362789337998
230,topic_4,50.07438698941306,topic_2,17.60801897132433,topic_7,13.763945165465495
231,topic_4,42.611261745712206,topic_9,24.68803557612256,topic_2,16.485253131988774
232,topic_4,83.22464506764278,topic_2,8.74275912244563,topic_8,2.800470228737505
233,topic_8,67.67839955477397,topic_9,32.204225260425915,topic_1,0.1173751848001098
234,topic_4,99.94515979588785,topic_10,0.0548402041121737,topic_1,0.0
235,topic_4,49.05347037775383,topic_3,27.942238374706907,topic_8,12.144859983422018
236,topic_9,91.86164971601436,topic_3,3.0833357182721737,topic_2,2.67447365516222
237,topic_9,85.4978770524221,topic_2,6.853599660815337,topic_4,6.307869204443613
238,topic_2,84.58158555575137,topic_9,10.222882313372136,topic_5,2.2046782204614352
239,topic_2,100.0,topic_1,0.0,topic_3,0.0
240,topic_4,63.18309907888882,topic_2,12.10414415350367,topic_5,9.089931266082235
241,topic_2,96.1452646939328,topic_4,3.854735306067217,topic_1,0.0
242,topic_2,65.0921135024725,topic_9,19.677349190159227,topic_4,9.117803731552602
243,topic_2,59.32579652415994,topic_9,26.394150481586404,topic_3,14.280052994253664
244,topic_9,99.54942851648912,topic_7,0.450571483510879,topic_1,0.0
245,topic_8,41.497884393078586,topic_5,35.690355623409395,topic_4,10.41162530107518
246,topic_4,50.96298208188502,topic_9,40.210247029733246,topic_2,7.1720426153378005
247,topic_4,41.76304959826204,topic_2,26.49504356866652,topic_9,16.23887341393092
248,topic_8,51.97597212719937,topic_9,39.87458222808148,topic_4,8.133080014852032
249,topic_4,89.5322477336176,topic_2,6.662923738076668,topic_9,1.6258331976342886
250,topic_9,34.07684866082963,topic_8,28.45239537749331,topic_4,24.27243562010578
251,topic_9,46.63878681956552,topic_4,26.433960133574644,topic_8,11.796503114458623
252,topic_4,51.81182920723256,topic_5,14.840825575150948,topic_8,11.796467944302094
253,topic_4,59.84756334147335,topic_9,30.64435136156848,topic_3,8.553801186272599
254,topic_9,44.25175617381271,topic_8,29.80358798836094,topic_4,17.22778706127333
255,topic_8,99.95513943492278,topic_1,0.0448605650772237,topic_2,0.0
256,topic_9,78.07875254661788,topic_8,8.685378561064038,topic_2,8.251497212979334
257,topic_2,93.1179372154979,topic_4,5.624994147271553,topic_8,1.257068637230526
258,topic_8,78.14525490063436,topic_9,13.267557881477346,topic_7,4.930855057444771
259,topic_9,96.31404871099302,topic_2,3.685951289006977,topic_1,0.0
260,topic_8,52.85825472619714,topic_9,35.18375150638171,topic_7,8.276402877880393
261,topic_9,55.048442333790206,topic_2,18.247822145217096,topic_4,13.547881750439991
262,topic_4,41.11136944748033,topic_7,29.96964819734276,topic_9,22.060465850596973
263,topic_4,84.52760615793753,topic_8,6.455507428352131,topic_9,4.23569894365707
264,topic_4,95.58257387476864,topic_9,4.297961384554015,topic_5,0.119464740677351
265,topic_8,52.63760036507537,topic_9,29.926112251490306,topic_4,10.206256953722354
266,topic_4,62.752260255935774,topic_9,18.898790661332985,topic_8,11.339395963959245
267,topic_4,59.07949142559159,topic_9,16.39810292452284,topic_8,16.011356411607604
268,topic_9,51.74604345308355,topic_4,48.25395654691645,topic_1,0.0
269,topic_9,100.0,topic_1,0.0,topic_2,0.0
270,topic_9,53.791100230272725,topic_8,25.221684350901608,topic_4,9.718125925693563
271,topic_9,40.604463716223805,topic_5,32.39559760450764,topic_1,10.586726434290984
272,topic_4,100.0,topic_1,0.0,topic_2,0.0
273,topic_4,56.04112565083552,topic_9,29.62616432773003,topic_6,5.433924749433829
274,topic_9,73.80337933718239,topic_2,12.319021551724134,topic_5,12.06638880972029
275,topic_4,93.64997508003816,topic_2,6.350024919961859,topic_1,0.0
276,topic_9,40.81055040218702,topic_4,34.36721005677891,topic_2,14.518451019829891
277,topic_4,95.21485246275957,topic_9,4.785147537240449,topic_1,0.0
278,topic_8,41.385875068873546,topic_9,31.48954617020531,topic_4,15.675010938086404
279,topic_9,89.32681016408647,topic_4,10.308434859429664,topic_3,0.3647549764838524
280,topic_9,91.36003114783152,topic_5,5.205442699769616,topic_2,2.18339970817631
281,topic_4,70.8959125988827,topic_9,17.23709857530743,topic_7,7.210889348827361
282,topic_8,70.75346914736333,topic_4,16.85757257031423,topic_2,8.381221824211337
283,topic_3,70.9844216219254,topic_4,24.23736674451797,topic_9,4.644823209975069
284,topic_4,75.38334602666191,topic_9,14.715743191617213,topic_3,5.521077294580493
285,topic_4,38.13952253443357,topic_2,23.70381587183425,topic_6,22.57525232301072
286,topic_2,23.237419301206835,topic_9,21.0299580687182,topic_8,15.670766093985906
287,topic_6,47.76695099990618,topic_2,22.68788650308792,topic_4,19.615544319668345
288,topic_8,42.83307915324807,topic_9,38.865054330170736,topic_5,12.790708439733056
289,topic_8,94.49983866142406,topic_2,2.4857006450124186,topic_5,1.120277132361058
290,topic_2,30.17726091599466,topic_9,22.06314263441017,topic_4,18.62676361964871
291,topic_4,62.81421352726954,topic_2,36.43761775087988,topic_7,0.7481687218505827
292,topic_6,35.696979174795665,topic_9,29.642055089735003,topic_2,25.601608715497
293,topic_7,42.303528891852174,topic_4,37.96306229420378,topic_8,19.45222410364685
294,topic_9,56.91734361624523,topic_4,10.941301020780855,topic_7,10.32277808008189
295,topic_2,100.0,topic_1,0.0,topic_3,0.0
296,topic_4,100.0,topic_1,0.0,topic_2,0.0
297,topic_9,70.01633968169614,topic_2,15.190841282688163,topic_4,12.214330763165606
298,topic_4,46.2083034961101,topic_2,30.272391532864177,topic_9,13.332590564185743
299,topic_4,40.0927968054924,topic_2,29.662390880429065,topic_9,18.87144660586213
300,topic_9,53.20094679171024,topic_2,19.57595068752064,topic_8,17.63207586733701
301,topic_9,48.05047032437214,topic_4,33.96089390815057,topic_2,11.351560951329237
302,topic_4,32.605765001848035,topic_9,31.552667990842657,topic_2,25.03314664950144
303,topic_2,37.18352168948557,topic_4,26.09205024203172,topic_8,14.569743615751433
304,topic_4,52.39866635326628,topic_9,36.36118985162283,topic_2,10.98089198008305
305,topic_4,40.95540108387836,topic_9,29.063495335859848,topic_8,16.823781486989215
306,topic_8,35.02425403028368,topic_9,27.976989165827916,topic_2,16.21645471892253
307,topic_9,58.76610480027525,topic_2,41.23389519972476,topic_1,0.0
308,topic_8,28.066563683349106,topic_2,24.97132398634508,topic_9,20.4857107332124
309,topic_9,100.0,topic_1,0.0,topic_2,0.0
310,topic_4,76.44516493677772,topic_3,11.44562913222989,topic_2,6.695414954593074
311,topic_4,42.0103836997821,topic_8,21.685177642365247,topic_9,17.874031200666973
312,topic_8,42.26471742288269,topic_5,36.20488595832025,topic_9,11.10337788249428
313,topic_4,43.99797044070037,topic_2,23.682806400009564,topic_9,22.037676953544047
314,topic_4,51.35669106498514,topic_9,41.59698503244486,topic_2,6.046430477546908
315,topic_5,30.931159399289896,topic_4,30.081070796921903,topic_9,25.92409229315049
316,topic_2,46.039538535226086,topic_9,36.606393955373775,topic_5,15.213240794146556
317,topic_5,47.776633042991975,topic_9,21.7940964435742,topic_8,20.854811549395254
318,topic_7,44.53013434982892,topic_6,24.21192779029458,topic_2,15.896574394432015
319,topic_5,44.177277776678366,topic_8,22.73087434715013,topic_9,20.71428697316911
320,topic_5,93.32868323983142,topic_8,6.287342001366096,topic_4,0.3648885753039538
321,topic_5,84.01850506164224,topic_8,6.887447490582629,topic_9,5.688855720466848
322,topic_9,52.33715129085164,topic_4,33.689131470826545,topic_8,5.706873422682755
323,topic_3,54.787084303522825,topic_2,33.60556229035397,topic_5,7.352860072295947
324,topic_1,,topic_2,,topic_3,
325,topic_5,98.42317096174747,topic_9,1.5768290382525234,topic_1,0.0
326,topic_9,51.9681131957289,topic_8,43.231217765999936,topic_4,1.6975709113910864
327,topic_3,74.38460063712532,topic_5,8.71488340332818,topic_8,4.842120924824963
328,topic_8,51.89379003878378,topic_4,30.82903116832854,topic_5,8.037897113489697
329,topic_4,56.0608965731872,topic_5,16.65069608261875,topic_2,11.644875521053036
330,topic_8,26.86719626954331,topic_5,24.61571794739929,topic_2,18.304983920420227
331,topic_4,32.76296015092408,topic_8,25.10092269136665,topic_5,16.926669048638047
332,topic_4,48.59093140682758,topic_2,30.23894257623663,topic_9,18.320677563729696
333,topic_2,59.13097503350873,topic_9,26.225511250822635,topic_5,11.92506239258973
334,topic_8,50.516611895361095,topic_4,29.57784288180849,topic_9,17.03192339110594
335,topic_4,57.69502448070822,topic_8,22.49656979514151,topic_2,8.075530713384913
336,topic_4,89.90872451783952,topic_8,8.079900670755967,topic_6,2.0113748114045107
337,topic_8,71.31279754323883,topic_4,21.26860965774604,topic_9,5.019744083016194
338,topic_4,93.41821211034753,topic_8,6.5817878896525,topic_1,0.0
339,topic_4,32.8366834661446,topic_8,27.54641842994429,topic_3,25.929299005837347
340,topic_4,99.74117218030948,topic_2,0.2149614322818555,topic_5,0.0428583759926205
341,topic_5,35.02758352161901,topic_3,34.25787253981092,topic_4,12.970939333746395
342,topic_8,43.908378560926536,topic_5,23.001984586308485,topic_9,22.219360378247675
343,topic_7,57.06977381133318,topic_2,19.4021200287825,topic_5,9.625092652418898
344,topic_4,34.52827922610903,topic_2,33.89573866575551,topic_5,11.446447987170222
345,topic_1,,topic_2,,topic_3,
346,topic_4,98.6701750712817,topic_7,1.227219708001294,topic_10,0.05906971902252
347,topic_4,86.27540813846561,topic_5,6.261561389418393,topic_2,5.397313012413736
348,topic_4,81.25455468010689,topic_5,8.516697925890169,topic_7,5.869342626917633
349,topic_8,40.64324508018514,topic_9,27.445922763174263,topic_5,24.51865015217169
350,topic_9,37.999218826169056,topic_8,27.13594092599145,topic_7,18.382359309223467
351,topic_9,94.4458948170016,topic_8,5.554105182998406,topic_1,0.0
352,topic_4,69.82696910788391,topic_8,22.772507363866087,topic_9,5.945186605185893
353,topic_5,36.402180182125925,topic_9,26.424439993949303,topic_8,13.591665262622191
354,topic_4,27.740105052893803,topic_5,23.13515428341409,topic_8,18.65552564191317
355,topic_9,99.5797387389736,topic_5,0.4202612610264168,topic_1,0.0
356,topic_9,90.71504678753664,topic_5,6.001825165914855,topic_2,2.427316262385711
357,topic_4,67.08257792471534,topic_8,17.750380783716455,topic_6,11.86179284141253
358,topic_4,83.02867373015295,topic_8,9.279232282050206,topic_9,4.953250270961914
359,topic_5,92.27333151208532,topic_2,4.066148125918762,topic_1,3.0001712420322244
360,topic_5,75.85301108277612,topic_8,18.444745063451624,topic_3,2.830187378873743
361,topic_2,73.51657266865274,topic_5,19.233920700727825,topic_9,6.169406379256658
362,topic_9,53.81828713393424,topic_2,34.4709746345176,topic_7,4.748718927792085
363,topic_4,65.5175981409252,topic_8,15.402448155270076,topic_6,12.774743608261325
364,topic_8,35.12854675863848,topic_9,28.77969051883605,topic_2,20.583614203862687
365,topic_5,44.90518862889115,topic_9,32.36755811356841,topic_8,17.47791755022161
366,topic_9,34.17567094573172,topic_5,31.626165236168397,topic_8,26.4553679436018
367,topic_9,37.59614359050608,topic_8,34.795917550683136,topic_5,11.81417750619961
368,topic_5,51.174318908189896,topic_9,29.007048273676137,topic_8,19.81863281813397
369,topic_8,47.74601446644216,topic_9,24.167541003668223,topic_2,20.386029760995697
370,topic_9,57.05908977690586,topic_8,27.83964974434525,topic_2,12.9562241427646
371,topic_6,97.78365846593675,topic_1,2.216341534063257,topic_2,0.0
372,topic_2,28.333354894056537,topic_8,21.737118658814904,topic_3,17.870387797186915
373,topic_9,76.78543060473997,topic_4,10.032951805123556,topic_3,8.682083876396867
374,topic_9,60.57753002717962,topic_4,26.73430770867271,topic_3,7.77576678132796
375,topic_5,21.476907209851674,topic_9,20.430452520188,topic_4,18.368344690380557
376,topic_8,58.92814839613736,topic_4,28.65279152047235,topic_6,6.926031409987671
377,topic_2,100.0,topic_1,0.0,topic_3,0.0
378,topic_4,40.38097544815615,topic_2,22.00564378922342,topic_9,12.043985952594236
379,topic_4,44.93264959195584,topic_2,27.85291075401489,topic_9,16.097391985793468
380,topic_9,52.60772214840449,topic_4,20.51648857466896,topic_6,20.186370786615928
381,topic_2,42.33858428479011,topic_5,38.405900244540334,topic_9,14.77203048861104
382,topic_2,93.32231041619852,topic_7,3.950871560627093,topic_4,2.33599501672956
383,topic_9,42.66486992699768,topic_8,23.18460951544742,topic_4,15.337880249329636
384,topic_5,33.65867007670542,topic_9,30.38602534588537,topic_6,20.19808506466361
385,topic_5,28.58907479920452,topic_6,22.27150575231576,topic_9,22.095838058188654
386,topic_2,22.050809087239447,topic_4,18.966957040422763,topic_5,18.370932546869465
387,topic_8,41.15511935492293,topic_9,29.75249587597951,topic_4,16.582013094121006
388,topic_9,30.64385400880407,topic_5,21.130985348542165,topic_8,18.755577578072725
389,topic_7,79.44431825301828,topic_9,10.984277610069846,topic_2,5.9309219841016745
390,topic_2,36.50899994911913,topic_9,36.16820070763534,topic_5,8.891415334696873
391,topic_9,47.0031325066079,topic_8,26.012939731211148,topic_6,12.07057117599551
392,topic_9,32.657489954456004,topic_8,29.41044856848876,topic_6,14.94608784742746
393,topic_9,54.79898055437318,topic_4,32.468534567084696,topic_3,7.035506590224044
394,topic_8,33.502445756487134,topic_7,24.60868979606117,topic_9,24.590920454713498
395,topic_9,76.71838687534145,topic_3,12.32312162365395,topic_4,10.958491501004607
396,topic_2,58.74670609296136,topic_5,23.745538732070056,topic_9,10.209194897559264
397,topic_7,36.03433902859907,topic_9,34.2285235662093,topic_8,10.18700018272122
398,topic_7,89.83353914810154,topic_8,4.222547699909244,topic_2,3.173235363707645
399,topic_9,85.7388624360157,topic_7,10.883777784000054,topic_8,3.3773597799842565
400,topic_5,56.650201681468566,topic_4,15.916903369151456,topic_6,9.308530409863575
401,topic_8,36.20118119552303,topic_5,22.04784744439635,topic_9,20.41407233303176
402,topic_9,65.01183438602844,topic_7,24.80138597890927,topic_8,6.4904783347615
403,topic_8,39.93583736570687,topic_5,28.920369443251317,topic_9,26.432084400042594
404,topic_9,40.243163437226166,topic_5,33.66118546440913,topic_4,15.30856639934635
405,topic_7,34.82282469327919,topic_4,20.355084056341557,topic_2,20.038110398041635
406,topic_2,85.27185566218947,topic_4,8.479885181037123,topic_8,5.048823708184218
407,topic_9,27.975638954277933,topic_8,24.86736156476278,topic_2,18.28311892979821
408,topic_9,56.22943937506216,topic_4,19.253081469353223,topic_8,17.64288885384584
409,topic_4,68.05141453120447,topic_2,28.63417317156702,topic_6,1.5022920837711402
410,topic_5,52.80383154296562,topic_2,30.828677236762733,topic_3,13.928362950299196
411,topic_9,28.400298072409097,topic_5,27.147179630565567,topic_7,19.662444968790187
412,topic_4,82.25318326518283,topic_5,9.999016798683968,topic_7,7.747799936133204
413,topic_5,40.1783064435498,topic_2,20.10149172850159,topic_9,10.668887650214392
414,topic_8,34.24455528360107,topic_9,29.463644402666198,topic_5,28.79406691606505
415,topic_8,91.1789344786913,topic_6,8.821065521308704,topic_1,0.0
416,topic_2,81.26066871279262,topic_7,17.245133211647,topic_3,1.494198075560376
417,topic_8,40.60866076657332,topic_9,30.960863294439065,topic_2,25.60542561435261
418,topic_10,35.00382117564986,topic_7,24.482126579840337,topic_9,21.651811328696663
419,topic_6,38.70828337951279,topic_8,26.358306021942944,topic_9,17.13594432734404
420,topic_9,44.2548763128887,topic_5,22.21683627988829,topic_6,21.85377470274093
421,topic_8,100.0,topic_1,0.0,topic_2,0.0
422,topic_2,25.147414416802494,topic_5,22.32625242058666,topic_6,17.548475537872122
423,topic_9,35.588844565475334,topic_4,18.43700860275603,topic_7,13.878769505528606
424,topic_2,95.8483927091638,topic_8,3.628874895412865,topic_10,0.5227323954233306
425,topic_5,64.89608805160097,topic_4,29.012849695563123,topic_2,4.467963484786559
426,topic_2,74.57834514502629,topic_6,21.129949478719404,topic_8,4.291705376254303
427,topic_2,85.09915866179414,topic_8,7.305073733459895,topic_7,5.31323484127729
428,topic_9,76.74800639529238,topic_2,11.88653007178493,topic_4,11.365463532922696
429,topic_9,37.40086577260221,topic_2,17.38191832177025,topic_4,12.0305189970089
430,topic_9,36.9447504915573,topic_4,22.959742262147568,topic_7,17.235440168090133
431,topic_9,54.32009914547136,topic_4,21.65065830513377,topic_8,9.900759918930762
432,topic_2,50.05847854726057,topic_5,49.71712483776076,topic_6,0.2243966149786742
433,topic_5,61.72565946462418,topic_6,16.65717868957941,topic_7,10.790888309550596
434,topic_8,76.04050751963494,topic_9,20.53303816299229,topic_10,2.969088035180936
435,topic_9,97.78702621675548,topic_1,1.6554560513730847,topic_8,0.5575177318714315
436,topic_4,63.44491823279188,topic_7,24.511018422644604,topic_8,5.640439088398444
437,topic_3,35.318928719254124,topic_8,18.61996768069892,topic_7,17.566953398858832
438,topic_9,34.49944943202699,topic_2,29.623436806723745,topic_8,16.381072075049033
439,topic_9,84.23049505557668,topic_8,15.722741050158998,topic_10,0.0467638942643175
440,topic_9,43.7175546898267,topic_2,27.069125746960104,topic_4,11.808404101169115
441,topic_9,43.55830838685782,topic_4,29.86091568915316,topic_2,11.433494778119636
442,topic_5,64.39817055975044,topic_7,11.432172949640854,topic_8,11.074080623952687
443,topic_2,42.33915972451389,topic_9,38.02946890971297,topic_6,12.614439099895336
444,topic_7,48.16003271278039,topic_9,37.63442049209176,topic_4,10.377116944711624
445,topic_9,30.560696487825105,topic_8,22.745470995369477,topic_4,14.413650780981367
446,topic_9,81.70847709228612,topic_8,8.363430392421312,topic_10,6.5664853457246135
447,topic_9,54.60202504883876,topic_8,41.48753946030743,topic_5,3.5222480703626684
448,topic_9,55.03699354874518,topic_4,42.68962801552463,topic_5,2.273378435730197
449,topic_6,73.9112211747138,topic_8,24.979649071095704,topic_2,0.9828148990393972
450,topic_8,97.93123014716404,topic_5,2.0687698528359806,topic_1,0.0
451,topic_9,57.111653396144426,topic_2,19.26355421452716,topic_5,15.987121565434013
452,topic_4,42.064691997020034,topic_8,25.99786033021555,topic_2,13.46858618610586
453,topic_4,41.15069650920052,topic_9,24.965839000446973,topic_1,24.12493529776484
454,topic_7,44.17973952951848,topic_8,37.03056411373828,topic_4,7.371770436066857
455,topic_7,35.8577120599208,topic_8,30.533546251107847,topic_9,12.91515104837164
456,topic_8,43.37211196486268,topic_9,39.20832533210625,topic_4,17.359611443132
457,topic_8,47.5297296032733,topic_9,43.81033527102723,topic_4,6.47801997570336
458,topic_8,48.89211818938759,topic_1,21.571672496836783,topic_2,18.01833636867672
459,topic_9,49.24314843882462,topic_7,38.751730071116384,topic_8,7.018698434927444
460,topic_2,80.77751474326351,topic_3,9.616861214028756,topic_10,9.60562404270774
461,topic_9,96.15654334236363,topic_8,3.843456657636346,topic_1,0.0
462,topic_8,96.93120037388536,topic_1,3.068799626114636,topic_2,0.0
463,topic_8,60.53505297531662,topic_9,24.478860459013944,topic_7,6.2243990737001305
464,topic_5,24.49009748451674,topic_8,20.769222523899582,topic_9,15.561065470554926
465,topic_4,80.26290990538767,topic_5,11.727570410513902,topic_7,8.009519684098423
466,topic_9,62.8585246144676,topic_8,25.19124133877686,topic_3,10.722557543127774
467,topic_9,75.1568992491373,topic_3,24.084511308391374,topic_8,0.7575367094811956
468,topic_9,44.96171294752245,topic_7,17.517181782217847,topic_8,16.090905998236888
469,topic_8,47.88553311355403,topic_4,21.212064211749546,topic_1,15.094164251292865
470,topic_8,48.7264351164443,topic_9,36.6320935187928,topic_1,9.5272929605822
471,topic_5,34.45530731308115,topic_8,18.304461326181222,topic_2,15.76482354618959
472,topic_7,45.34277946912933,topic_8,19.67638771759501,topic_4,11.325044726981432
473,topic_8,47.978480609168045,topic_9,31.83027510269394,topic_4,11.899338452621906
474,topic_5,38.7948823664709,topic_2,32.79300671254977,topic_1,12.953155607605536
475,topic_8,98.26383542819272,topic_5,1.7361645718072545,topic_1,0.0
476,topic_8,44.46122672799275,topic_9,33.52011507528629,topic_6,19.0606793329157
477,topic_3,29.328001645310398,topic_4,24.93937841708313,topic_2,12.604116653153891
478,topic_9,81.55824849277926,topic_2,8.547549768707494,topic_5,7.527210979273119
479,topic_7,91.2300920673038,topic_8,8.769907932696187,topic_1,0.0
480,topic_7,94.78220734049054,topic_8,5.217792659509444,topic_1,0.0
481,topic_8,35.22892571105232,topic_7,26.30637561499103,topic_3,21.87780862926392
482,topic_4,49.01983995779484,topic_2,33.252341027372125,topic_8,17.727819014833045
483,topic_2,38.67376530949402,topic_8,27.878130067750064,topic_7,26.191804019534484
484,topic_8,39.0950009658927,topic_9,24.54968403398749,topic_3,19.693833720653537
485,topic_8,28.74881662502167,topic_5,26.311745098849038,topic_9,20.03360919568837
486,topic_3,79.79717348332542,topic_8,10.994743259349413,topic_9,6.580697224316804
487,topic_8,33.88466182522557,topic_9,28.59081078505333,topic_4,23.523263553597573
488,topic_1,,topic_2,,topic_3,
489,topic_4,54.006785587911175,topic_2,34.10278178510196,topic_9,11.87277205365718
490,topic_4,99.95759476492216,topic_2,0.0424052350778546,topic_1,0.0
491,topic_2,49.07036506297428,topic_5,18.93539702818246,topic_9,15.169676468477547
492,topic_7,48.71541788791824,topic_2,48.18026534025034,topic_4,3.10431677183142
493,topic_9,39.29351684522457,topic_8,27.273083722090064,topic_5,11.7235066681637
494,topic_7,58.533278030503126,topic_8,34.6530819802032,topic_9,6.813639989293684
495,topic_8,75.26404472121897,topic_7,17.297303729015816,topic_9,3.5101975642043866
496,topic_5,46.61614659516442,topic_9,25.024106802515927,topic_2,15.449304206024635
497,topic_9,73.8034862723185,topic_8,16.26742030205709,topic_7,6.66028928038246
498,topic_8,35.94814168935564,topic_9,22.798800902323944,topic_7,18.89091875880622
499,topic_7,60.36420542480029,topic_4,15.799201643935527,topic_5,10.07633200107837
500,topic_4,62.76224688923996,topic_5,26.11626931188577,topic_7,10.127379957501391
501,topic_9,40.14952689788949,topic_4,28.11988513611396,topic_8,26.24119953207888
502,topic_9,73.70505508283988,topic_1,10.448570939713475,topic_4,9.893160249286394
503,topic_9,96.0293268739196,topic_6,2.098781677776736,topic_4,1.8718914483036737
504,topic_9,48.69472018549244,topic_7,37.360209616517146,topic_3,4.288964763238615
505,topic_9,77.24102686268196,topic_3,6.540894679277569,topic_5,5.266063426878469
506,topic_9,35.6715628975595,topic_5,31.83326258337413,topic_2,30.13661945918672
507,topic_9,77.83726533716295,topic_7,22.16273466283706,topic_1,0.0
508,topic_7,100.0,topic_1,0.0,topic_2,0.0
509,topic_7,100.0,topic_1,0.0,topic_2,0.0
510,topic_8,89.00740724808978,topic_4,9.518966185466136,topic_6,1.08781087064907
511,topic_9,29.073208244078824,topic_8,27.503710947103723,topic_6,26.021172243433814
512,topic_2,76.57332826095593,topic_8,12.016784260771516,topic_3,6.481004840232191
513,topic_1,,topic_2,,topic_3,
514,topic_2,31.06207797664122,topic_8,19.041452025070065,topic_5,17.712168463972816
515,topic_8,28.55658157540299,topic_9,26.424538009037715,topic_2,20.14557026795547
516,topic_4,48.55907757643454,topic_9,24.441051330747392,topic_2,11.386458719591324
517,topic_5,30.203937141788813,topic_2,19.184450524827486,topic_8,16.626406055268692
518,topic_9,80.80576524964395,topic_7,19.19423475035605,topic_1,0.0
519,topic_1,,topic_2,,topic_3,
520,topic_2,78.08429500855613,topic_5,9.851148081529452,topic_9,7.759337234606927
521,topic_8,70.09844133576573,topic_9,27.09769473936775,topic_1,2.014645014892786
522,topic_6,28.94293976052128,topic_9,22.446361750934013,topic_8,20.429573282871203
523,topic_5,100.0,topic_1,0.0,topic_2,0.0
524,topic_9,41.73750935169998,topic_7,34.07545381816805,topic_5,19.10065792549744
525,topic_7,60.36420542480029,topic_4,15.799201643935527,topic_5,10.07633200107837
526,topic_6,40.60254279777179,topic_9,39.67538004708251,topic_7,13.784445955540647
527,topic_5,28.99868445693116,topic_6,23.01469428239092,topic_9,20.930864762844227
528,topic_9,44.37389686003943,topic_5,37.02935938386399,topic_8,12.688764701457186
529,topic_5,45.646540593561326,topic_9,23.635908185373477,topic_8,12.307183239823637
530,topic_5,59.50333759283058,topic_6,28.49488477466706,topic_2,12.001777632502352
531,topic_7,98.80891276805352,topic_8,0.6429125840648775,topic_6,0.5481746478815934
532,topic_7,88.59960682088398,topic_9,11.40039317911602,topic_1,0.0
533,topic_9,27.72630740431495,topic_7,21.604212302421868,topic_5,18.871178928856715
534,topic_5,29.853246949508424,topic_9,27.03732134102332,topic_4,22.53339794132185
535,topic_9,44.71427834982477,topic_2,26.103349463805905,topic_4,18.34733782523508
536,topic_9,23.965057992114364,topic_8,18.63299252472056,topic_2,15.391797858163256
537,topic_6,42.1912514886992,topic_4,17.706735333925845,topic_8,16.560518875353047
538,topic_2,71.24636547743428,topic_5,18.320303466935638,topic_6,5.760342141697105
539,topic_9,98.79916959710692,topic_7,1.126885428109011,topic_10,0.0739449747840948
540,topic_6,78.9596321764375,topic_5,9.021377150576242,topic_7,5.766588743296889
541,topic_7,93.15059946931387,topic_9,5.8546083559042446,topic_3,0.7383360337745205
542,topic_8,56.99208887915537,topic_4,41.99907448037418,topic_2,0.996941001525504
543,topic_4,62.44701877365271,topic_9,28.98653711033367,topic_7,6.125189313089326
544,topic_8,33.66096144861141,topic_4,25.006322728604392,topic_2,13.95825298002124
545,topic_9,78.25835718591634,topic_4,18.804328725997564,topic_2,1.7198098853521255
546,topic_9,96.20347163207803,topic_7,2.386636773008886,topic_6,1.40989159491308
547,topic_9,81.74686646015992,topic_3,8.551953793889556,topic_8,5.852673633930544
548,topic_8,86.08613727481257,topic_4,10.742183932924066,topic_9,2.1711393064447866
549,topic_2,67.56511873063846,topic_4,23.988968371129022,topic_8,8.445912898232514
550,topic_9,69.94770593546815,topic_4,13.136731016550169,topic_8,8.839010780956425
551,topic_9,78.00127751686442,topic_8,15.066377361922758,topic_2,5.826909226209208
552,topic_8,26.77571569184067,topic_9,20.531483649823443,topic_2,17.30976609134779
553,topic_2,85.44603286739891,topic_3,5.349484624664121,topic_8,4.393175900284674
554,topic_9,81.57543257847917,topic_2,9.615493063051089,topic_8,7.400083272237134
555,topic_4,85.11153792736275,topic_6,7.953057465582958,topic_7,5.521731776183986
556,topic_2,72.28354677062984,topic_4,23.639229409804887,topic_9,3.241157551035995
557,topic_2,92.7315191772736,topic_3,5.699626908649068,topic_4,1.054342748090019
558,topic_4,50.695135265665925,topic_8,47.954415529998194,topic_9,1.3226542289646694
559,topic_8,50.92350602410031,topic_2,26.23134207986276,topic_4,22.84515189603694
560,topic_8,23.6605575922727,topic_9,21.55337223971532,topic_5,19.141165745557338
561,topic_8,61.09807624261864,topic_2,33.14491072725965,topic_4,5.727980571636019
562,topic_4,65.09089579146601,topic_2,34.532656655313176,topic_1,0.376447553220816
563,topic_8,48.003878208264666,topic_9,29.823525733707324,topic_4,9.764570478155122
564,topic_9,50.13469905139144,topic_4,16.513205533729778,topic_2,12.250724374887987
565,topic_9,46.2571496234614,topic_4,25.012398910577332,topic_6,11.513548550084623
566,topic_2,53.56387673472755,topic_9,28.15622877073564,topic_4,13.480595913943
567,topic_9,53.467773630604405,topic_5,17.927744089507925,topic_4,10.233379677033255
568,topic_9,71.96069915300949,topic_2,9.085240736690302,topic_8,6.423514067360349
569,topic_8,88.04096771641238,topic_4,7.519852527813407,topic_9,3.5718292592142937
570,topic_8,97.37718995494072,topic_6,1.439196848737518,topic_9,1.1836131963217482
571,topic_8,98.2421578968013,topic_4,0.9349577953000208,topic_2,0.5747778211024644
572,topic_5,37.66291901763136,topic_9,35.34279998965226,topic_8,22.380144755686946
573,topic_8,55.53982583207413,topic_4,28.218839104119905,topic_1,5.183498888997056
574,topic_8,77.22486000750186,topic_9,14.183701443800183,topic_4,5.758974047461129
575,topic_9,52.9401155627104,topic_2,38.310119249758486,topic_3,6.705198968575218
576,topic_4,34.3237563964367,topic_2,24.32686397742892,topic_8,21.16879332022428
577,topic_9,32.775210404712794,topic_8,21.87786930738133,topic_4,21.631614209298824
578,topic_4,53.74073726940885,topic_9,29.177702841888436,topic_2,12.284459153542482
579,topic_9,75.59502251509245,topic_7,10.95963062838775,topic_3,8.846213105563088
580,topic_1,,topic_2,,topic_3,
581,topic_8,48.48223901362197,topic_9,25.44629162421447,topic_2,14.391738134998056
582,topic_5,50.17212232342884,topic_2,33.593412099575914,topic_4,12.008832935059782
583,topic_8,89.56331417362871,topic_9,8.185816406955965,topic_6,1.745014631615753
584,topic_8,39.07085510701634,topic_4,31.207688614995256,topic_9,23.35007903822867
585,topic_8,98.54985565966876,topic_3,1.450144340331246,topic_1,0.0
586,topic_8,50.06856737000589,topic_9,29.104330019944896,topic_4,12.995096083497328
587,topic_7,80.31304241495701,topic_9,8.201023024209405,topic_4,7.824674663164425
588,topic_4,40.42461660975634,topic_9,37.15830081542116,topic_2,14.602248701020915
589,topic_9,41.03817095507807,topic_7,26.14639399123691,topic_4,23.904274243139547
590,topic_9,28.53233121769464,topic_7,20.40980924618561,topic_8,16.607871186086374
591,topic_7,45.0104884744165,topic_9,35.43437319102186,topic_2,12.849884177943675
592,topic_9,38.28450550282995,topic_5,22.11171753420704,topic_4,20.083801258278985
593,topic_8,64.9671796435068,topic_9,28.493372715764544,topic_4,4.999219304772166
594,topic_7,59.86102241018674,topic_9,34.499977856603486,topic_2,3.745396902350934
595,topic_4,67.39272478808661,topic_9,29.476542540108348,topic_2,3.11337966753978
596,topic_8,46.90330316743317,topic_9,17.965548609840884,topic_7,13.725054870312578
597,topic_7,82.65872601941437,topic_4,13.068949167662025,topic_9,3.193971273165164
598,topic_4,88.20192632241043,topic_5,4.594703803090843,topic_7,2.4548711222461086
599,topic_9,83.72077422071597,topic_7,7.8107142821236355,topic_8,4.2958374380542965
600,topic_2,75.33553028073241,topic_9,21.58507103286444,topic_8,1.560316417693965
601,topic_7,50.91382950720727,topic_9,46.50428826347049,topic_10,2.581882229322233
602,topic_2,51.34015508619839,topic_5,35.04449664184486,topic_9,11.980701613091025
603,topic_2,99.08405292257864,topic_10,0.5651483954944027,topic_6,0.3507986819269773
604,topic_7,27.79864202542719,topic_8,25.631726412817244,topic_6,20.581501980955995
605,topic_6,39.58038028425,topic_8,38.106952374601896,topic_5,8.962602850801701
606,topic_5,29.893639056755475,topic_2,25.339588510082105,topic_8,14.16455761099315
607,topic_9,44.29404744576427,topic_5,20.17039859215993,topic_2,9.471641563166996
608,topic_2,76.8567318732405,topic_4,12.548460526386089,topic_6,10.594807600373404
609,topic_8,78.75166596238378,topic_1,10.39854035198264,topic_4,5.920488581041398
610,topic_3,33.39822676940268,topic_9,29.51943620083008,topic_6,26.13259694726402
611,topic_5,44.65121454284517,topic_9,18.77400350169604,topic_7,11.326070288327472
612,topic_2,35.23744747651917,topic_4,24.818755266496098,topic_5,21.401321688032244
613,topic_10,44.067817794358646,topic_4,19.282524298087612,topic_9,18.838273485027237
614,topic_8,42.33394602976207,topic_2,18.840422507136587,topic_4,17.957828301911015
615,topic_9,81.88060124275243,topic_8,15.162140648755551,topic_5,2.679384267753921
616,topic_5,94.23658190972392,topic_8,3.2249254098683635,topic_9,2.538492680407704
617,topic_5,55.78494221440724,topic_2,25.10886474996469,topic_4,9.026724258159907
618,topic_8,54.21789732346663,topic_5,32.02758777674842,topic_2,13.75451489978496
619,topic_5,24.69034624958197,topic_9,21.004943045178045,topic_6,14.442454455527647
620,topic_2,78.45482756073929,topic_5,11.280027562606673,topic_3,9.72033023626269
621,topic_3,100.0,topic_1,0.0,topic_2,0.0
622,topic_3,91.98923922914508,topic_5,7.609591862149878,topic_6,0.3968879877828553
623,topic_3,62.7076503530353,topic_8,12.432992646446534,topic_2,12.043385350132525
624,topic_2,89.97180281422801,topic_5,6.590868240278052,topic_7,3.437328945493938
625,topic_5,90.13965785830352,topic_2,7.429891254297903,topic_4,1.5779426729317343
626,topic_5,85.78001993107242,topic_3,8.141031453597435,topic_2,5.413158547890235
627,topic_2,52.23711312115757,topic_9,41.4272076707601,topic_5,6.335679208082322
628,topic_9,64.40680479001375,topic_2,35.593195209986256,topic_1,0.0
629,topic_5,53.31178937315616,topic_2,23.005719588702465,topic_3,18.42125940971886
630,topic_5,33.24449526026841,topic_9,23.049138570986663,topic_2,13.83203964467178
631,topic_2,45.26729582064923,topic_9,42.09265747522112,topic_5,12.640046704129642
632,topic_5,92.66585207566956,topic_9,6.513922288960835,topic_6,0.8202256353696324
633,topic_5,81.67173258711672,topic_3,12.355604762143235,topic_2,5.952647211639101
634,topic_5,97.22693696632696,topic_2,2.7730630336730493,topic_1,0.0
635,topic_5,63.2749711905234,topic_7,26.71041149844404,topic_6,5.53663839250665
636,topic_5,99.9930124657896,topic_10,0.006987534210408,topic_1,0.0
637,topic_5,99.99237992718426,topic_10,0.0076200728157496,topic_1,0.0
638,topic_8,39.95236567726976,topic_9,25.57637227259633,topic_6,19.40269219962952
639,topic_5,99.29140585001966,topic_7,0.3769577571115189,topic_10,0.3316363928688156
640,topic_5,99.26063922137996,topic_6,0.7393607786200672,topic_1,0.0
641,topic_5,90.8634149867822,topic_4,4.277890216211257,topic_3,3.1469053257130164
642,topic_5,97.32487618540664,topic_2,2.6646285013870714,topic_10,0.0104953132062747
643,topic_3,94.87734043184096,topic_4,3.3399560027205197,topic_8,1.7827035654385277
644,topic_2,64.7523356971824,topic_3,35.09231667482004,topic_1,0.155347627997554
645,topic_8,99.56764930346677,topic_4,0.4323506965332586,topic_1,0.0
646,topic_3,89.47476333828529,topic_2,4.918161876035404,topic_8,3.0280363122188696
647,topic_3,92.290749175769,topic_8,7.681665389569518,topic_2,0.0275854346614843
648,topic_8,46.68217496749206,topic_3,28.610393288117063,topic_2,23.646613050166337
649,topic_8,65.39334931868316,topic_2,33.22527874876331,topic_3,1.381371932553531
650,topic_9,63.43243174318936,topic_3,34.37491560612425,topic_8,2.1926526506863886
651,topic_8,46.62505665911291,topic_2,28.474532466215543,topic_9,13.200438813118716
652,topic_3,98.25580772029026,topic_4,1.744192279709728,topic_1,0.0
653,topic_5,33.71417643170615,topic_7,17.869540680836156,topic_8,13.07296876357585
654,topic_4,91.38727460204758,topic_2,2.9853189330129024,topic_5,2.9198792568391023
655,topic_8,89.51353831962496,topic_2,10.486461680375038,topic_1,0.0
656,topic_4,84.85408954836574,topic_9,10.029739652750012,topic_2,3.628492649646884
657,topic_9,36.75477050408514,topic_8,29.38969819174607,topic_6,27.719360575778712
658,topic_8,30.46012387733435,topic_9,30.455493443316865,topic_4,19.0372730695748
659,topic_2,46.28002650357289,topic_9,24.466189105670026,topic_3,9.761141180023616
660,topic_9,39.43906230114288,topic_2,18.903856240756664,topic_5,18.538364897797766
661,topic_1,,topic_2,,topic_3,
662,topic_9,39.4913251043401,topic_8,16.384219616668442,topic_3,11.714147735905549
663,topic_6,56.77522012042596,topic_9,41.11038495731878,topic_8,1.3712012448632216
664,topic_9,69.90166088995421,topic_4,17.385197494805332,topic_2,10.418950312818057
665,topic_9,97.14094517549468,topic_5,2.8590548245053222,topic_1,0.0
666,topic_9,77.49184472615751,topic_2,11.98832909845236,topic_8,6.661953213908063
667,topic_9,78.65892704723959,topic_8,15.730799634880029,topic_3,2.075502682206526
668,topic_8,48.489499091525616,topic_2,22.980001469898585,topic_5,11.199095928638313
669,topic_9,31.701887455006045,topic_4,30.910091840294044,topic_2,22.22419374534593
670,topic_2,76.50150125153161,topic_4,11.609709015340751,topic_3,9.200972327619366
671,topic_8,25.824351963141726,topic_9,23.436219075143967,topic_2,19.733131315498152
672,topic_2,63.77939333122109,topic_9,11.736264302525672,topic_8,10.999896972606656
673,topic_4,70.38283199273869,topic_7,11.04450885196954,topic_8,9.939588001006165
674,topic_4,56.91916174468527,topic_8,35.00529681800286,topic_3,3.3230971670231093
675,topic_4,39.90283537819125,topic_5,23.960254400788983,topic_7,17.313306657958837
676,topic_2,100.0,topic_1,0.0,topic_3,0.0
677,topic_2,54.69891318197472,topic_5,27.41042413582746,topic_9,17.46613863832735
678,topic_9,54.924593788627824,topic_4,40.61656228421802,topic_8,2.4058298442696886
679,topic_9,31.138422030881053,topic_8,26.13454305539404,topic_4,10.8956319035101
680,topic_9,43.80138613224779,topic_4,20.32968805078202,topic_8,13.853976647053647
681,topic_7,43.80621263054884,topic_8,26.177737796322013,topic_9,25.778722379200257
682,topic_9,80.1492134243636,topic_7,17.343047211268026,topic_4,2.5077393643683727
683,topic_9,36.38516499901868,topic_4,24.644790803754617,topic_2,21.094184761811405
684,topic_5,82.16888198384993,topic_4,6.682328912441136,topic_7,5.2331555136569525
685,topic_7,31.077342638994285,topic_9,30.27339911887457,topic_4,15.954706371137345
686,topic_4,51.142773039307976,topic_8,48.85722696069202,topic_1,0.0
687,topic_4,64.61746573576542,topic_9,12.285998979686324,topic_6,12.040797607551369
688,topic_9,100.0,topic_1,0.0,topic_2,0.0
689,topic_2,84.49395111809677,topic_6,11.809915571677717,topic_7,3.379844282108716
690,topic_2,98.93718601254707,topic_6,0.7616529401386046,topic_8,0.3011610473143162
691,topic_4,43.5729526982404,topic_2,21.23431139670014,topic_5,16.58579042381216
692,topic_4,74.62579593095647,topic_9,7.809751643265447,topic_5,6.101993950154564
693,topic_9,47.25056174134943,topic_4,43.55637383892782,topic_5,3.371729746854184
694,topic_9,100.0,topic_1,0.0,topic_2,0.0
695,topic_4,44.78769794199365,topic_8,33.03426274960714,topic_2,12.88724166365503
696,topic_4,46.47677254019805,topic_9,46.127030510807785,topic_7,5.391235337048404
697,topic_4,84.50957550149714,topic_9,15.490424498502872,topic_1,0.0
698,topic_8,99.95991343425186,topic_1,0.040086565748149,topic_2,0.0
699,topic_9,57.46134236001005,topic_4,42.53865763998994,topic_1,0.0
700,topic_9,100.0,topic_1,0.0,topic_2,0.0
701,topic_7,100.0,topic_1,0.0,topic_2,0.0
702,topic_9,61.44362609794584,topic_7,15.797452848052735,topic_2,10.351953548228082
703,topic_9,26.841362572450556,topic_7,19.181308080236832,topic_6,17.218718776936427
704,topic_4,65.01474670183082,topic_9,20.865852638089475,topic_5,7.155146631199008
705,topic_9,30.36510595624668,topic_5,17.678556085570023,topic_8,16.74856930822872
706,topic_4,52.55872872280948,topic_9,31.89885695827542,topic_2,12.582939495025997
707,topic_9,100.0,topic_1,0.0,topic_2,0.0
708,topic_4,98.89455720546088,topic_6,1.1054427945391374,topic_1,0.0
709,topic_4,95.3800239739788,topic_7,4.6199760260212015,topic_1,0.0
710,topic_9,86.8111080692277,topic_7,5.247313559849887,topic_5,4.1928089457348365
711,topic_9,96.06556383726584,topic_2,2.9612005389291376,topic_5,0.721196820724242
712,topic_2,58.08744987156762,topic_9,32.169976780200315,topic_4,9.663008760037346
713,topic_9,96.60855687607716,topic_2,3.1518938491778035,topic_7,0.239549274745061
714,topic_9,100.0,topic_1,0.0,topic_2,0.0
715,topic_3,57.988402434258326,topic_4,31.45934523779798,topic_2,10.438873235527362
716,topic_9,42.57987529709846,topic_8,14.800593709382502,topic_2,12.132318894889954
717,topic_4,30.241301270087,topic_9,28.61638533024371,topic_7,26.848539048587583
718,topic_2,69.00751510922986,topic_9,19.41146670864798,topic_4,6.547796730005016
719,topic_9,100.0,topic_1,0.0,topic_2,0.0
720,topic_7,95.65962761006251,topic_8,4.130592381709608,topic_3,0.2097800082278711
721,topic_5,54.47983999187082,topic_9,24.890368968691785,topic_2,17.746591459560534
722,topic_9,75.81194039864495,topic_2,5.334426848773775,topic_5,4.758664961447755
723,topic_9,55.07153526622207,topic_6,14.732903700341414,topic_7,14.551363364419446
724,topic_2,74.3474540555626,topic_9,16.650941056517283,topic_8,5.647743818623152
725,topic_9,74.88140236531777,topic_7,14.724656011438052,topic_3,7.826971155689118
726,topic_9,70.06001186485926,topic_4,29.939988135140734,topic_1,0.0
727,topic_9,46.58174845764489,topic_6,14.939473901519689,topic_7,13.5668315751998
728,topic_9,77.86982900765082,topic_8,15.766100437996869,topic_2,6.364070554352312
729,topic_1,,topic_2,,topic_3,
730,topic_7,100.0,topic_1,0.0,topic_2,0.0
731,topic_4,43.22979289129355,topic_2,40.738508104600605,topic_9,16.031699004105846
732,topic_4,97.2282546975716,topic_8,2.7717453024284016,topic_1,0.0
733,topic_9,34.39748767853178,topic_2,18.312777194416945,topic_4,15.92104884062519
734,topic_7,36.04115922835651,topic_4,30.46307048438359,topic_8,22.593202523212728
735,topic_4,99.5183556451439,topic_3,0.4816443548560988,topic_1,0.0
736,topic_9,100.0,topic_1,0.0,topic_2,0.0
737,topic_4,97.86544917454668,topic_3,2.134550825453304,topic_1,0.0
738,topic_4,98.46401447116727,topic_3,1.5359855288327102,topic_1,0.0
739,topic_4,37.92668285828378,topic_2,29.92751492629426,topic_8,14.505431879523126
740,topic_4,100.0,topic_1,0.0,topic_2,0.0
741,topic_4,66.08678620819688,topic_9,22.52951345925858,topic_2,4.574345321481712
742,topic_4,99.92077207365512,topic_2,0.0792279263448777,topic_1,0.0
743,topic_4,96.97849632253087,topic_7,3.021503677469112,topic_1,0.0
744,topic_4,100.0,topic_1,0.0,topic_2,0.0
745,topic_9,100.0,topic_1,0.0,topic_2,0.0
746,topic_4,69.84216449282648,topic_9,28.18789661244613,topic_2,1.9699388947273693
747,topic_8,45.57844645803554,topic_7,19.83011508157599,topic_6,18.7488144618997
748,topic_5,80.2386680562011,topic_9,16.23843776843963,topic_8,3.522894175359258
749,topic_5,89.34149050251779,topic_8,6.626231121689323,topic_4,2.381081946117555
750,topic_6,60.65972454505961,topic_2,38.81101419465306,topic_1,0.5292612602873182
751,topic_2,83.54764483692311,topic_5,7.24360372518183,topic_4,4.491510150509188
752,topic_1,55.67806957429052,topic_8,26.18838474409771,topic_9,17.737236580562655
753,topic_7,44.07085580371277,topic_9,24.07027745894516,topic_8,12.399347659255987
754,topic_9,32.97553662552905,topic_5,27.180936113477443,topic_6,22.64815383487332
755,topic_7,95.14139967537945,topic_9,3.5245919089247533,topic_4,1.33400841569579
756,topic_8,73.37615612327973,topic_3,12.685027935097754,topic_5,4.832865194743805
757,topic_9,49.91773571261834,topic_5,22.80932840888664,topic_6,16.652482896687822
758,topic_7,60.25102254606439,topic_8,38.56225590301847,topic_2,1.1867215509171298
759,topic_5,98.23125510981106,topic_3,1.6247148238531004,topic_6,0.1398132117692708
760,topic_7,91.50666857598264,topic_4,2.38528052657415,topic_2,2.098733162783676
761,topic_8,94.2651391738301,topic_7,5.734860826169899,topic_1,0.0
762,topic_7,100.0,topic_1,0.0,topic_2,0.0
763,topic_8,75.88898791876866,topic_7,9.27333299372564,topic_5,7.513982276343424
764,topic_8,32.333791204558864,topic_2,25.865188191679064,topic_9,25.76209780443454
765,topic_9,40.20739810805035,topic_5,25.79644774218393,topic_6,12.492409065171683
766,topic_5,96.99903441840031,topic_6,1.7218411383666288,topic_9,0.7267327665426961
767,topic_7,93.649699794981,topic_9,4.22815536676927,topic_8,1.61833688516868
768,topic_2,29.12367541288267,topic_7,27.14376364612972,topic_8,20.897155125017523
769,topic_9,34.08847015746711,topic_8,26.488580890554186,topic_2,25.724314041929883
770,topic_8,42.31148335361985,topic_2,19.277613410592448,topic_7,15.647441372080134
771,topic_7,89.68377062892856,topic_2,8.481184560767348,topic_8,1.8350448103040948
772,topic_7,85.69239313257413,topic_8,13.118098232346185,topic_3,1.1895086350796944
773,topic_7,42.73297306820784,topic_8,27.40422140090533,topic_9,25.896341197962407
774,topic_6,79.41637447593605,topic_9,14.428029601164344,topic_8,4.018993195228992
775,topic_7,60.36420542480029,topic_4,15.799201643935527,topic_5,10.07633200107837
776,topic_9,44.66921420706406,topic_4,20.31318865673118,topic_6,14.351652909519364
777,topic_9,60.70640093859232,topic_6,30.368673334017107,topic_2,4.742290809706502
778,topic_8,90.34658211317787,topic_7,9.65341788682212,topic_1,0.0
779,topic_8,97.77512403453748,topic_3,1.309533084058665,topic_7,0.9153428814038672
780,topic_8,43.18016886545328,topic_5,24.97655852076764,topic_9,10.076108543545171
781,topic_5,93.80739704072792,topic_8,4.191609892934918,topic_9,1.4771796724514892
782,topic_9,74.85790702982419,topic_7,22.19031287872715,topic_8,2.951780091448666
783,topic_4,55.7505621836093,topic_9,28.299728558445448,topic_6,4.08326713530816
784,topic_7,100.0,topic_1,0.0,topic_2,0.0
785,topic_7,98.69295109778244,topic_4,1.3070489022175562,topic_1,0.0
786,topic_8,45.02155936550108,topic_9,24.493700255763027,topic_7,22.68788045909203
787,topic_7,96.720744847469,topic_8,3.279255152531007,topic_1,0.0
788,topic_7,100.0,topic_1,0.0,topic_2,0.0
789,topic_8,66.35081245793627,topic_9,18.67148174652128,topic_6,5.545870917246363
790,topic_9,67.1892407129645,topic_2,20.70720326209328,topic_5,11.69234774362934
791,topic_9,53.731269405214825,topic_5,25.337126747201143,topic_2,15.898839637250832
792,topic_7,100.0,topic_1,0.0,topic_2,0.0
793,topic_7,85.01040986509769,topic_8,13.692532559434412,topic_3,1.297057575467903
794,topic_7,49.93501691902877,topic_8,40.56012633129609,topic_9,9.504856749675149
795,topic_9,75.68147020591898,topic_7,15.848341210208556,topic_4,8.470188583872451
796,topic_8,98.67302021583738,topic_4,1.0408820801184122,topic_6,0.2860977040442056
797,topic_4,63.382736852331206,topic_8,31.63796731254681,topic_3,2.466974100233859
798,topic_8,94.47613342627976,topic_9,5.1864695055794,topic_1,0.1704692100245224
799,topic_9,94.382933315283,topic_8,4.534457511381741,topic_7,0.8661904489033914
800,topic_9,66.65468734444875,topic_6,15.19458436469874,topic_8,11.345113679869163
801,topic_9,79.2023991696547,topic_5,11.570594480738237,topic_8,8.662721744188326
802,topic_8,29.521602153455863,topic_9,26.811120137368533,topic_7,12.567886534621143
803,topic_8,77.83681099281812,topic_7,10.900616260725858,topic_9,10.683121826537157
804,topic_8,37.85668945404296,topic_9,35.9473981943066,topic_4,17.422743730191623
805,topic_8,68.34297727949458,topic_9,31.657022720505413,topic_1,0.0
806,topic_4,98.69249451498146,topic_8,0.9068631499487412,topic_10,0.4006423350698005
807,topic_4,94.23746255171098,topic_9,5.665992409028341,topic_8,0.0965450392606891
808,topic_8,39.192756180495856,topic_4,27.962957778910496,topic_6,12.457383558348653
809,topic_9,94.92646719835624,topic_6,4.52869626120334,topic_7,0.5448365404404171
810,topic_4,54.01560971542786,topic_8,33.53642657881148,topic_7,7.998528580356561
811,topic_9,37.32991882127951,topic_4,19.901713157640955,topic_8,19.20739122972148
812,topic_8,34.2016053545791,topic_9,27.112931854719523,topic_2,20.81842734988895
813,topic_8,98.418354371428,topic_4,1.5219638315593853,topic_9,0.0596817970125991
814,topic_8,95.22584895032853,topic_7,4.46021510890881,topic_3,0.238167480880057
815,topic_3,45.12272977179406,topic_8,31.909476031816464,topic_7,8.923674997557589
816,topic_4,49.69831415314126,topic_8,30.902326257864488,topic_9,14.915941083168487
817,topic_9,39.6368617029608,topic_8,27.194068729809075,topic_7,18.966959716345134
818,topic_9,63.373120231359685,topic_8,19.247273110224224,topic_6,9.21037676126156
819,topic_9,90.2221250681502,topic_4,8.929380289475482,topic_3,0.8484946423743154
820,topic_8,35.11231815218008,topic_9,31.998234869007668,topic_7,16.793927463374946
821,topic_9,86.71355214993311,topic_8,7.559364561063734,topic_2,5.102290892179821
822,topic_9,54.58946890636296,topic_8,33.53361155084476,topic_4,8.312824659041025
823,topic_8,100.0,topic_1,0.0,topic_2,0.0
824,topic_7,45.77101667537352,topic_9,29.62076929641111,topic_8,13.03793273115818
825,topic_4,63.93292784808023,topic_8,34.768012871536655,topic_9,1.2209330046595632
826,topic_9,64.45231927566918,topic_8,35.54768072433081,topic_1,0.0
827,topic_8,43.99078118940125,topic_9,39.25946821181796,topic_4,16.733118914424917
828,topic_8,63.052776260329445,topic_3,18.377960900642808,topic_2,8.134655887531622
829,topic_9,44.04770498628573,topic_8,38.02293957485456,topic_4,12.601504585017622
830,topic_9,71.99662520659962,topic_8,20.163582250362104,topic_2,3.7091143533123527
831,topic_9,29.80162411604521,topic_5,18.06358240794357,topic_6,13.30793144993906
832,topic_8,83.79877002005996,topic_4,7.807385271483,topic_2,4.63228015980522
833,topic_7,47.92660829102732,topic_9,28.34752411378827,topic_8,19.8335402088879
834,topic_4,57.91643419645602,topic_8,27.37643101533601,topic_9,14.152796028378866
835,topic_4,62.33161104233785,topic_9,17.537595545478233,topic_2,12.863757546895052
836,topic_8,96.17615360249278,topic_9,3.654751335954991,topic_1,0.1690950615522254
837,topic_8,44.21051425109517,topic_4,27.87266593794165,topic_2,12.24794666803334
838,topic_8,83.83449190468733,topic_2,12.6908285501854,topic_6,3.4746795451272754
839,topic_9,99.88425240976152,topic_1,0.1157475902384848,topic_2,0.0
840,topic_7,60.75063951252983,topic_9,27.875124004412548,topic_8,7.7431409775970845
841,topic_2,97.74576402924454,topic_6,0.8884790506219303,topic_4,0.6387994407977022
842,topic_4,88.88615818764042,topic_9,10.968129654458844,topic_1,0.1457121579007362
843,topic_8,38.73564161465825,topic_4,23.66360121286047,topic_2,14.983076895021444
844,topic_8,74.29371422318741,topic_4,11.620957059392136,topic_9,8.174010929942366
845,topic_4,24.667600865227627,topic_2,23.6614298879437,topic_7,22.71826649898192
846,topic_2,87.62872303439953,topic_9,3.7815753821968814,topic_8,3.43265795025934
847,topic_9,92.63864277136658,topic_4,7.159426341273283,topic_1,0.2019308873601314
848,topic_8,100.0,topic_1,0.0,topic_2,0.0
849,topic_4,46.94382169173539,topic_3,29.72802024122227,topic_8,14.14587692463773
850,topic_8,47.11550244001314,topic_7,14.796566513599474,topic_2,10.216867457732311
851,topic_8,52.236850011067794,topic_2,32.11480878171866,topic_4,12.008330195488416
852,topic_8,89.73389055872664,topic_2,4.6774619923452025,topic_4,3.332373417533732
853,topic_9,39.499581725776245,topic_4,29.17589542950828,topic_8,16.553670302212982
854,topic_4,100.0,topic_1,0.0,topic_2,0.0
855,topic_3,43.95794692892743,topic_2,24.83401189616752,topic_9,15.915400923351129
856,topic_9,35.856129488117936,topic_8,25.43872934429798,topic_4,15.434432701209492
857,topic_9,60.610296747048125,topic_8,19.96083428636465,topic_4,19.42886896658724
858,topic_9,34.915384033536405,topic_7,23.239505128863197,topic_4,15.003709569395967
859,topic_8,47.44555545973503,topic_4,22.735642196461225,topic_2,16.652393463191377
860,topic_9,90.81583473792178,topic_7,4.376759010992961,topic_8,4.278390000877154
861,topic_2,96.39063211547756,topic_3,1.8413581533708467,topic_4,1.7680097311515846
862,topic_7,98.22685793947068,topic_9,0.9280541141892182,topic_8,0.8450879463401006
863,topic_8,68.13040318562255,topic_3,13.24713604124736,topic_4,7.048505388666906
864,topic_9,100.0,topic_1,0.0,topic_2,0.0
865,topic_8,39.34952551404196,topic_4,29.197015619965637,topic_9,27.65331199016943
866,topic_4,36.71575973237857,topic_9,32.98520646998368,topic_2,15.839039541338384
867,topic_4,39.56609991941704,topic_8,32.94624552718342,topic_9,10.567463118209952
868,topic_2,42.401000919054006,topic_9,25.3279679068228,topic_8,20.195892822731924
869,topic_2,57.490236858272,topic_8,34.24438429068471,topic_7,3.5592894255476715
870,topic_8,45.70467682172614,topic_4,20.946629204424056,topic_7,12.217826181134608
871,topic_9,59.331992804512346,topic_5,16.68437768823032,topic_8,14.445459914989458
872,topic_5,33.198985106674485,topic_8,27.144898093739144,topic_4,20.0991549390976
873,topic_8,100.0,topic_1,0.0,topic_2,0.0
874,topic_9,61.88794248624125,topic_8,25.08610798402898,topic_7,5.402218169479371
875,topic_8,99.96263140939128,topic_9,0.0373685906087303,topic_1,0.0
876,topic_8,55.40374175638058,topic_9,29.188116959771623,topic_4,14.017986357443506
877,topic_8,49.600757988457765,topic_7,31.361146202232547,topic_9,13.591638412353836
878,topic_9,46.24711657686099,topic_8,34.99782901406724,topic_2,13.887181864415686
879,topic_8,51.8165827574102,topic_5,17.46433450893417,topic_9,10.859657331585638
880,topic_8,66.12253217525787,topic_9,22.73865247622337,topic_2,4.886724708487835
881,topic_9,63.45688655366415,topic_8,28.3649713137889,topic_2,4.318555067408703
882,topic_2,42.401000919054006,topic_9,25.3279679068228,topic_8,20.195892822731924
883,topic_8,74.03199396684879,topic_9,23.03577250422659,topic_7,2.9322335289246357
884,topic_4,68.9793213399066,topic_8,29.50785969792401,topic_9,0.8911787234841554
885,topic_8,60.97394414365748,topic_9,26.4730996695013,topic_4,12.38243792229629
886,topic_8,52.85215375201691,topic_4,42.20249245001048,topic_9,4.94535379797262
887,topic_8,53.87548072062998,topic_4,14.808134255888891,topic_3,14.601239594061216
888,topic_9,29.00049998092558,topic_2,26.901083243662303,topic_7,19.13255841839546
889,topic_9,55.82830450549053,topic_4,20.803164034226903,topic_7,11.549033754408226
890,topic_9,83.4496274821268,topic_8,14.96464088386492,topic_1,1.4856055738859657
891,topic_4,90.66707409906432,topic_8,9.284435744221934,topic_7,0.0484901567137586
892,topic_8,95.1667918492324,topic_7,4.833208150767605,topic_1,0.0
893,topic_8,26.384690027998847,topic_7,26.278448072721314,topic_10,21.859528877612394
894,topic_9,31.13658696368887,topic_5,19.364208995441125,topic_4,18.00665904825615
895,topic_6,48.944510452236536,topic_4,35.89780478786456,topic_8,5.714852864526358
896,topic_6,98.23903779087745,topic_8,1.69572920224583,topic_2,0.0652330068767262
897,topic_9,44.89290895468968,topic_2,27.053982133056262,topic_5,23.136171494178484
898,topic_6,54.07262106358528,topic_4,13.499963571816068,topic_5,13.074637014212303
899,topic_9,38.21211595412672,topic_8,21.53375560739838,topic_2,20.776668787353525
900,topic_6,95.0749972106525,topic_7,4.746258047167811,topic_4,0.1787447421796942
901,topic_9,30.46015736061209,topic_8,28.40500286003021,topic_3,16.832215166807956
902,topic_6,100.0,topic_1,0.0,topic_2,0.0
903,topic_8,81.26111706706375,topic_4,9.015262864708724,topic_2,7.12773060316206
904,topic_1,,topic_2,,topic_3,
905,topic_3,40.97018115856573,topic_8,17.844299393246487,topic_9,16.577244621863624
906,topic_9,96.05723357995974,topic_5,3.942766420040269,topic_1,0.0
907,topic_9,30.46015736061209,topic_8,28.40500286003021,topic_3,16.832215166807956
908,topic_6,98.49237050097874,topic_8,1.5076294990212555,topic_1,0.0
909,topic_7,76.89318863387969,topic_2,19.3533409067156,topic_9,2.764308873849478
910,topic_6,92.72203178304974,topic_2,7.277968216950254,topic_1,0.0
911,topic_2,91.47646471623084,topic_6,8.52353528376916,topic_1,0.0
912,topic_9,100.0,topic_1,0.0,topic_2,0.0
913,topic_9,82.7159415868959,topic_6,11.439385811499465,topic_4,4.6111998127251725
914,topic_6,65.36804369390798,topic_7,25.089166572485794,topic_9,3.71595056883554
915,topic_9,100.0,topic_1,0.0,topic_2,0.0
916,topic_4,67.8433870253282,topic_9,16.833297916271004,topic_2,11.481572996347884
917,topic_6,44.91271986117773,topic_2,37.93279488933037,topic_7,15.163660534744286
918,topic_7,94.09592815096876,topic_2,3.316526980383929,topic_8,1.3842629119370682
919,topic_9,100.0,topic_1,0.0,topic_2,0.0
920,topic_6,99.52830973159936,topic_9,0.4716902684006501,topic_1,0.0
921,topic_6,100.0,topic_1,0.0,topic_2,0.0
922,topic_6,93.78784585488155,topic_7,4.029160507563796,topic_4,2.1829936375546333
923,topic_6,98.16974128298884,topic_8,1.830258717011164,topic_1,0.0
924,topic_6,100.0,topic_1,0.0,topic_2,0.0
925,topic_9,100.0,topic_1,0.0,topic_2,0.0
926,topic_9,100.0,topic_1,0.0,topic_2,0.0
927,topic_2,90.01978768233931,topic_6,9.98021231766069,topic_1,0.0
928,topic_6,100.0,topic_1,0.0,topic_2,0.0
929,topic_6,98.44892600730304,topic_4,1.551073992696954,topic_1,0.0
930,topic_10,59.902780617963295,topic_7,28.603359047394797,topic_6,7.844401365248395
931,topic_6,95.07380915981494,topic_7,4.809376898606985,topic_4,0.116813941578075
932,topic_6,100.0,topic_1,0.0,topic_2,0.0
933,topic_8,49.48443731114989,topic_9,26.69541167347477,topic_3,7.537773238629821
934,topic_2,91.47646471623084,topic_6,8.52353528376916,topic_1,0.0
935,topic_8,89.94086833931273,topic_9,6.393825737121798,topic_6,3.6653059235654735
936,topic_2,91.47646471623084,topic_6,8.52353528376916,topic_1,0.0
937,topic_6,78.23936861738477,topic_2,17.1693656340953,topic_8,4.5912657485199295
938,topic_7,85.58891580949305,topic_4,8.37434014294618,topic_9,3.501889424463985
939,topic_1,,topic_2,,topic_3,
940,topic_5,45.32089447287855,topic_8,22.34134542253544,topic_9,17.580210794996756
941,topic_6,60.69944417880892,topic_5,39.30055582119109,topic_1,0.0
942,topic_6,99.06911824444262,topic_2,0.93088175555738,topic_1,0.0
943,topic_5,89.26821341094973,topic_3,5.572419957016519,topic_2,5.159366632033743
944,topic_4,81.34387717985736,topic_9,16.655003097677522,topic_7,2.0011197224651216
945,topic_4,84.64485672886565,topic_8,10.091724733275772,topic_9,2.982423995261181
946,topic_4,99.66906901420204,topic_3,0.3309309857979599,topic_1,0.0
947,topic_9,100.0,topic_1,0.0,topic_2,0.0
948,topic_1,100.0,topic_2,0.0,topic_3,0.0
949,topic_1,63.798484784718354,topic_8,36.201515215281646,topic_2,0.0
950,topic_1,98.60257494386836,topic_10,1.3974250561316397,topic_2,0.0
951,topic_1,98.60257494386836,topic_10,1.3974250561316397,topic_2,0.0
952,topic_1,100.0,topic_2,0.0,topic_3,0.0
953,topic_1,94.7798141160149,topic_9,4.449406516674171,topic_8,0.770779367310922
954,topic_1,77.57651868446504,topic_6,22.42348131553496,topic_2,0.0
955,topic_1,100.0,topic_2,0.0,topic_3,0.0
956,topic_1,77.97081714555144,topic_8,13.209514289610212,topic_9,6.9109444883328734
957,topic_1,99.55076336449751,topic_7,0.4492366355024919,topic_2,0.0
958,topic_1,100.0,topic_2,0.0,topic_3,0.0
959,topic_1,83.73048427893845,topic_2,4.690837824621574,topic_5,4.261504772810939
960,topic_1,98.60257494386836,topic_10,1.3974250561316397,topic_2,0.0
961,topic_1,99.86249142705984,topic_7,0.1375085729401438,topic_2,0.0
962,topic_1,73.67579302396838,topic_4,6.849931063143472,topic_5,5.039436866495199
963,topic_1,88.33797204783006,topic_2,7.46014277762002,topic_3,3.595359158302231
964,topic_1,100.0,topic_2,0.0,topic_3,0.0
965,topic_1,98.60257494386836,topic_10,1.3974250561316397,topic_2,0.0
966,topic_1,100.0,topic_2,0.0,topic_3,0.0
967,topic_1,98.60257494386836,topic_10,1.3974250561316397,topic_2,0.0
968,topic_1,99.70462113283216,topic_7,0.2953788671678156,topic_2,0.0
969,topic_1,98.60257494386836,topic_10,1.3974250561316397,topic_2,0.0
970,topic_1,80.17637257843889,topic_6,13.640626878864254,topic_4,2.7342001246767023
971,topic_1,67.45799823691065,topic_8,28.77239023472782,topic_9,3.18725519577457
972,topic_10,90.05993514879691,topic_1,9.940064851203086,topic_2,0.0
973,topic_1,87.9308761994317,topic_8,11.220840675992546,topic_9,0.8482831245757514
974,topic_10,90.05993514879691,topic_1,9.940064851203086,topic_2,0.0
975,topic_1,100.0,topic_2,0.0,topic_3,0.0
976,topic_1,98.60257494386836,topic_10,1.3974250561316397,topic_2,0.0
977,topic_1,83.73048427893845,topic_2,4.690837824621574,topic_5,4.261504772810939
978,topic_1,84.48786960278264,topic_6,7.787781037480813,topic_2,4.007816110453152
979,topic_1,90.99134035029468,topic_6,8.996929884365958,topic_4,0.011729765339344
980,topic_1,98.60257494386836,topic_10,1.3974250561316397,topic_2,0.0
981,topic_1,91.20482146613548,topic_8,6.158642854449064,topic_4,1.430135148218843
982,topic_1,98.60257494386836,topic_10,1.3974250561316397,topic_2,0.0
983,topic_1,98.10978565212612,topic_4,0.903334564029318,topic_8,0.7768585936585641
984,topic_1,98.60257494386836,topic_10,1.3974250561316397,topic_2,0.0
985,topic_1,96.9791938739989,topic_2,2.5194564210490844,topic_4,0.5013497049520264
986,topic_1,98.60257494386836,topic_10,1.3974250561316397,topic_2,0.0
987,topic_1,98.60257494386836,topic_10,1.3974250561316397,topic_2,0.0
988,topic_1,100.0,topic_2,0.0,topic_3,0.0
989,topic_1,100.0,topic_2,0.0,topic_3,0.0
990,topic_1,98.42797755696998,topic_8,0.7981645521371427,topic_9,0.3890941847249318
991,topic_1,91.88171456850884,topic_9,3.747055627808976,topic_8,1.8506626715902497
992,topic_1,84.02498204689566,topic_2,4.165961956574317,topic_5,3.605750259162314
993,topic_1,98.60257494386836,topic_10,1.3974250561316397,topic_2,0.0
994,topic_1,97.40766744541686,topic_8,1.6250021890580375,topic_5,0.5314349677205477
995,topic_1,90.79110015477224,topic_8,3.232220473743129,topic_9,3.0898890370294216
996,topic_1,100.0,topic_2,0.0,topic_3,0.0
997,topic_1,100.0,topic_2,0.0,topic_3,0.0
998,topic_1,100.0,topic_2,0.0,topic_3,0.0
999,topic_1,94.4660587723277,topic_8,3.4785120194549526,topic_9,2.055429208217331
1000,topic_10,90.05993514879691,topic_1,9.940064851203086,topic_2,0.0
1001,topic_1,87.528782940383,topic_8,7.047796870072715,topic_9,2.602018560983148
1002,topic_1,98.60257494386836,topic_10,1.3974250561316397,topic_2,0.0
1003,topic_1,99.9898381186724,topic_8,0.0101618813275887,topic_2,0.0
1004,topic_1,99.71876522152589,topic_7,0.2812347784741267,topic_2,0.0
1005,topic_1,100.0,topic_2,0.0,topic_3,0.0
1006,topic_10,90.05993514879691,topic_1,9.940064851203086,topic_2,0.0
1007,topic_1,95.84250258133449,topic_9,2.209156136249937,topic_8,1.6534648873416884
1008,topic_1,94.34125047226384,topic_9,5.376145239339687,topic_8,0.282604288396489
1009,topic_1,100.0,topic_2,0.0,topic_3,0.0
1010,topic_1,99.57134117037933,topic_7,0.4286588296206698,topic_2,0.0
1011,topic_1,100.0,topic_2,0.0,topic_3,0.0
1012,topic_1,72.12332488383329,topic_10,27.8766751161667,topic_2,0.0
1013,topic_1,99.87420987164478,topic_2,0.12579012835522,topic_3,0.0
1014,topic_1,100.0,topic_2,0.0,topic_3,0.0
1015,topic_1,99.92236540378188,topic_10,0.0776345962181255,topic_2,0.0
1016,topic_1,100.0,topic_2,0.0,topic_3,0.0
1017,topic_1,98.60257494386836,topic_10,1.3974250561316397,topic_2,0.0
1018,topic_1,98.52128495011443,topic_8,0.451265461865257,topic_7,0.4060859301696279
1019,topic_1,98.60257494386836,topic_10,1.3974250561316397,topic_2,0.0
1020,topic_1,100.0,topic_2,0.0,topic_3,0.0
1021,topic_1,90.54225706034732,topic_9,6.0096110024019485,topic_2,1.007132254517079
1022,topic_1,98.60257494386836,topic_10,1.3974250561316397,topic_2,0.0
1023,topic_1,88.68783109923304,topic_4,7.118830912733337,topic_9,2.0652998700046243
1024,topic_1,100.0,topic_2,0.0,topic_3,0.0
1025,topic_1,100.0,topic_2,0.0,topic_3,0.0
1026,topic_1,89.65929734049386,topic_2,9.92268242526034,topic_10,0.3712511005872273
1027,topic_10,90.05993514879691,topic_1,9.940064851203086,topic_2,0.0
1028,topic_1,100.0,topic_2,0.0,topic_3,0.0
1029,topic_10,90.05993514879691,topic_1,9.940064851203086,topic_2,0.0
1030,topic_1,96.63868321518612,topic_9,3.174633241734868,topic_10,0.1360315189455002
1031,topic_1,100.0,topic_2,0.0,topic_3,0.0
1032,topic_1,98.57708169378787,topic_9,0.5898964467946174,topic_10,0.5497427292529959
1033,topic_1,65.69467773519264,topic_10,31.357976657585983,topic_2,2.403304700035809
1034,topic_1,97.7917631391808,topic_8,1.84945059241425,topic_5,0.3587862684049376
1035,topic_1,99.71876522152589,topic_7,0.2812347784741267,topic_2,0.0
1036,topic_1,99.67587187321932,topic_5,0.3241281267806633,topic_2,0.0
1037,topic_1,99.83842611692862,topic_8,0.1072887907020304,topic_7,0.0542850923693427
1038,topic_10,91.87201174364614,topic_1,7.824564607893313,topic_7,0.2545304966481563
1039,topic_1,98.60257494386836,topic_10,1.3974250561316397,topic_2,0.0
1040,topic_1,100.0,topic_2,0.0,topic_3,0.0
1041,topic_1,100.0,topic_2,0.0,topic_3,0.0
1042,topic_1,97.81962254171532,topic_4,1.229121280024275,topic_5,0.4824244719196479
1043,topic_1,91.34534240417986,topic_6,8.654657595820142,topic_2,0.0
1044,topic_1,98.5312361073119,topic_8,0.872409549842967,topic_9,0.5963543428451274
1045,topic_1,100.0,topic_2,0.0,topic_3,0.0
1046,topic_1,100.0,topic_2,0.0,topic_3,0.0
1047,topic_1,100.0,topic_2,0.0,topic_3,0.0
1048,topic_1,95.91503241745484,topic_4,3.157861197762083,topic_2,0.9271063847830788
1049,topic_1,84.48786960278264,topic_6,7.787781037480813,topic_2,4.007816110453152
1050,topic_1,100.0,topic_2,0.0,topic_3,0.0
1051,topic_1,97.30148082252566,topic_8,2.6985191774743438,topic_2,0.0
1052,topic_1,100.0,topic_2,0.0,topic_3,0.0
1053,topic_1,84.48786960278264,topic_6,7.787781037480813,topic_2,4.007816110453152
1054,topic_1,96.91835908576988,topic_2,2.5763759140635742,topic_4,0.505265000166556
1055,topic_1,94.4660587723277,topic_8,3.4785120194549526,topic_9,2.055429208217331
1056,topic_1,83.13136443978786,topic_2,7.990803353628581,topic_3,2.884668347315059
1057,topic_1,100.0,topic_2,0.0,topic_3,0.0
1058,topic_1,100.0,topic_2,0.0,topic_3,0.0
1059,topic_1,100.0,topic_2,0.0,topic_3,0.0
1060,topic_1,98.21688241513844,topic_9,1.7831175848615568,topic_2,0.0
1061,topic_1,100.0,topic_2,0.0,topic_3,0.0
1062,topic_1,100.0,topic_2,0.0,topic_3,0.0
1063,topic_1,97.30148082252566,topic_8,2.6985191774743438,topic_2,0.0
1064,topic_1,100.0,topic_2,0.0,topic_3,0.0
1065,topic_1,97.1071338643689,topic_7,2.2514665748227536,topic_9,0.6413995608083374
1066,topic_1,98.60257494386836,topic_10,1.3974250561316397,topic_2,0.0
1067,topic_1,95.70886779127396,topic_9,4.291132208726041,topic_2,0.0
1068,topic_1,98.82449612278828,topic_8,0.9978261051458838,topic_4,0.1776777720658334
1069,topic_1,99.4398862330782,topic_7,0.28872900193274,topic_4,0.2713847649890539
1070,topic_1,98.60257494386836,topic_10,1.3974250561316397,topic_2,0.0
1071,topic_9,30.494074659298427,topic_4,26.241453076775503,topic_5,17.26004222470348
1072,topic_5,98.68769369970626,topic_3,0.7275617885239524,topic_2,0.5847445117697722
1073,topic_5,98.48936040530916,topic_2,0.9093840924700825,topic_3,0.601255502220747
1074,topic_8,46.88956625163438,topic_5,34.94298304003768,topic_9,8.968153187301965
1075,topic_9,79.40959837856659,topic_4,18.52047464305728,topic_2,1.5294379266907054
1076,topic_3,80.79673684574193,topic_5,19.203263154258067,topic_1,0.0
1077,topic_9,96.2809879936993,topic_2,3.719012006300695,topic_1,0.0
1078,topic_5,82.11952624191329,topic_2,15.729201805980594,topic_3,2.151271952106122
1079,topic_5,90.2044894944157,topic_4,8.911243657677703,topic_7,0.8842668479065934
1080,topic_4,54.75839339342309,topic_9,44.36602766181651,topic_5,0.8755789447603916
1081,topic_2,76.37371280722418,topic_7,13.983048639759,topic_5,7.222050856306169
1082,topic_5,93.81774399326284,topic_8,1.8941289801645604,topic_9,1.4190290311607885
1083,topic_5,99.5417697344878,topic_2,0.4582302655121941,topic_1,0.0
1084,topic_5,61.338954813304206,topic_2,23.819007402489948,topic_9,14.154110800912516
1085,topic_9,55.39561236016996,topic_5,21.15253276524459,topic_6,6.96958184801887
1086,topic_5,99.55381461891557,topic_2,0.4461853810844516,topic_1,0.0
1087,topic_5,71.12541120585858,topic_2,26.602605573457268,topic_3,2.271983220684137
1088,topic_9,49.840350630530445,topic_4,36.67048649160093,topic_8,10.083601414349303
1089,topic_4,90.18977539286864,topic_8,9.121601366310042,topic_5,0.6886232408213376
1090,topic_5,100.0,topic_1,0.0,topic_2,0.0
1091,topic_2,98.45125599534242,topic_3,1.548744004657583,topic_1,0.0
1092,topic_4,32.41782928176344,topic_2,31.579912540052383,topic_5,10.82121907751504
1093,topic_8,70.47525025034734,topic_9,27.546859245698343,topic_6,1.977890503954304
1094,topic_5,98.96596667434537,topic_3,1.034033325654634,topic_1,0.0
1095,topic_5,99.34709112723174,topic_2,0.6529088727682643,topic_1,0.0
1096,topic_8,45.47707666193696,topic_9,40.38625074669196,topic_7,14.136672591371086
1097,topic_1,98.61250337713332,topic_8,0.8239533305711241,topic_9,0.563543292295558
1098,topic_1,93.39649153254076,topic_9,4.534568614210881,topic_8,1.5638675373282749
1099,topic_1,100.0,topic_2,0.0,topic_3,0.0
1100,topic_1,98.60257494386836,topic_10,1.3974250561316397,topic_2,0.0
1101,topic_1,100.0,topic_2,0.0,topic_3,0.0
1102,topic_6,56.447314812339485,topic_8,23.07518439631152,topic_9,20.057305912865704
1103,topic_1,100.0,topic_2,0.0,topic_3,0.0
1104,topic_1,84.74902452791697,topic_2,4.4674113704507405,topic_5,3.905518898109609
1105,topic_1,100.0,topic_2,0.0,topic_3,0.0
1106,topic_2,95.4473336547722,topic_9,4.001884855223225,topic_3,0.5507814900045717
1107,topic_10,90.05993514879691,topic_1,9.940064851203086,topic_2,0.0
1108,topic_1,97.44274436259629,topic_8,1.611606845174773,topic_5,0.5225817991042334
1109,topic_1,95.87548322976342,topic_4,3.172351146781937,topic_2,0.9521656234546496
1110,topic_1,98.90899639222027,topic_10,0.8477530330816595,topic_2,0.2432505746980636
1111,topic_1,100.0,topic_2,0.0,topic_3,0.0
1112,topic_1,96.6956597184074,topic_2,0.8961269816511785,topic_4,0.8687499609300074
1113,topic_1,98.60257494386836,topic_10,1.3974250561316397,topic_2,0.0
1114,topic_1,99.69535641484612,topic_5,0.3046435851538706,topic_2,0.0
1115,topic_1,72.12332488383329,topic_10,27.8766751161667,topic_2,0.0
1116,topic_1,84.49600047742666,topic_2,8.366583410264946,topic_4,3.7493463373408673
1117,topic_1,100.0,topic_2,0.0,topic_3,0.0
1118,topic_1,100.0,topic_2,0.0,topic_3,0.0
1119,topic_1,60.02892562317671,topic_8,15.705680758867867,topic_9,8.25386017424455
1120,topic_1,100.0,topic_2,0.0,topic_3,0.0
1121,topic_2,100.0,topic_1,0.0,topic_3,0.0
1122,topic_1,90.81323891924173,topic_4,8.70536745784386,topic_8,0.3646052676699803
1123,topic_8,29.99539537901362,topic_9,25.38861052271914,topic_2,23.60997117824972
1124,topic_1,99.9898381186724,topic_8,0.0101618813275887,topic_2,0.0
1125,topic_1,98.60257494386836,topic_10,1.3974250561316397,topic_2,0.0
1126,topic_1,94.24299240883616,topic_9,5.507561465192862,topic_8,0.2494461259709541
1127,topic_1,98.23527129918182,topic_4,0.8534240485386788,topic_8,0.720111386832267
1128,topic_1,100.0,topic_2,0.0,topic_3,0.0
1129,topic_1,97.12402880820534,topic_7,2.164602533471178,topic_9,0.711368658323492
1130,topic_1,100.0,topic_2,0.0,topic_3,0.0
1131,topic_1,98.60257494386836,topic_10,1.3974250561316397,topic_2,0.0
1132,topic_1,98.10978565212612,topic_4,0.903334564029318,topic_8,0.7768585936585641
1133,topic_1,100.0,topic_2,0.0,topic_3,0.0
1134,topic_10,91.72535791163708,topic_1,7.440219379328853,topic_2,0.6790096852251244
1135,topic_10,91.71341939302592,topic_1,8.2865806069741,topic_2,0.0
1136,topic_1,100.0,topic_2,0.0,topic_3,0.0
1137,topic_1,98.60257494386836,topic_10,1.3974250561316397,topic_2,0.0
1138,topic_1,100.0,topic_2,0.0,topic_3,0.0
1139,topic_1,81.66105794236962,topic_10,17.611319731061084,topic_7,0.5674147332570005
1140,topic_1,98.60257494386836,topic_10,1.3974250561316397,topic_2,0.0
1141,topic_1,100.0,topic_2,0.0,topic_3,0.0
1142,topic_1,99.71876522152589,topic_7,0.2812347784741267,topic_2,0.0
1143,topic_1,84.74902452791697,topic_2,4.4674113704507405,topic_5,3.905518898109609
1144,topic_1,91.32270396938492,topic_9,8.238655410692648,topic_10,0.4386406199224276
1145,topic_1,98.60257494386836,topic_10,1.3974250561316397,topic_2,0.0
1146,topic_1,97.31044083487043,topic_8,1.6191209790012968,topic_5,0.5259981438892897
1147,topic_1,81.0459947853129,topic_9,15.901611357975687,topic_8,3.0523938567114244
1148,topic_1,99.83842611692862,topic_8,0.1072887907020304,topic_7,0.0542850923693427
1149,topic_1,100.0,topic_2,0.0,topic_3,0.0
1150,topic_1,100.0,topic_2,0.0,topic_3,0.0
1151,topic_1,100.0,topic_2,0.0,topic_3,0.0
1152,topic_1,98.60257494386836,topic_10,1.3974250561316397,topic_2,0.0
1153,topic_8,43.98958915030744,topic_9,37.094077054650505,topic_4,18.916333795042053
1154,topic_1,99.98910128046344,topic_3,0.0108987195365649,topic_2,0.0
1155,topic_1,100.0,topic_2,0.0,topic_3,0.0
1156,topic_4,70.81521798354777,topic_9,29.18478201645224,topic_1,0.0
1157,topic_1,99.71876522152589,topic_7,0.2812347784741267,topic_2,0.0
1158,topic_1,99.87420987164478,topic_2,0.12579012835522,topic_3,0.0
1159,topic_1,100.0,topic_2,0.0,topic_3,0.0
1160,topic_1,98.60257494386836,topic_10,1.3974250561316397,topic_2,0.0
1161,topic_1,98.60257494386836,topic_10,1.3974250561316397,topic_2,0.0
1162,topic_1,96.83315278581,topic_2,2.6303877660290644,topic_4,0.5364594481609416
1163,topic_1,100.0,topic_2,0.0,topic_3,0.0
1164,topic_1,98.60257494386836,topic_10,1.3974250561316397,topic_2,0.0
1165,topic_1,98.60257494386836,topic_10,1.3974250561316397,topic_2,0.0
1166,topic_4,99.6521304201205,topic_5,0.3478695798795084,topic_1,0.0
1167,topic_1,100.0,topic_2,0.0,topic_3,0.0
1168,topic_1,80.63493108238839,topic_8,11.21793947012528,topic_9,4.904623318791823
1169,topic_2,80.88232986362948,topic_4,9.687863051451703,topic_9,9.429807084918828
1170,topic_1,98.60257494386836,topic_10,1.3974250561316397,topic_2,0.0
1171,topic_1,88.76431960757407,topic_9,5.96983817196707,topic_8,2.955073729402576
1172,topic_1,97.7115085364598,topic_9,2.244792505329271,topic_5,0.043698958210922
1173,topic_1,100.0,topic_2,0.0,topic_3,0.0
1174,topic_4,100.0,topic_1,0.0,topic_2,0.0
1175,topic_1,90.6075924509822,topic_6,9.203190137873596,topic_10,0.1892174111441918
1176,topic_1,100.0,topic_2,0.0,topic_3,0.0
1177,topic_8,50.68605383076545,topic_4,49.31394616923456,topic_1,0.0
1178,topic_1,97.1071338643689,topic_7,2.2514665748227536,topic_9,0.6413995608083374
1179,topic_1,98.60257494386836,topic_10,1.3974250561316397,topic_2,0.0
1180,topic_9,95.00701366657256,topic_6,4.396738213441624,topic_2,0.5962481199858288
1181,topic_8,68.40483659184683,topic_2,13.827640081586951,topic_3,10.18482712019
1182,topic_8,66.93373406539837,topic_3,21.336008633719626,topic_5,9.400625813087478
1183,topic_3,100.0,topic_1,0.0,topic_2,0.0
1184,topic_2,81.44966520845004,topic_3,10.45274530005131,topic_5,8.09758949149865
1185,topic_3,42.42816787134484,topic_8,30.828303937402914,topic_5,20.23962503449951
1186,topic_3,83.36269640162932,topic_5,14.0008192434718,topic_2,2.6364843548988914
1187,topic_3,100.0,topic_1,0.0,topic_2,0.0
1188,topic_3,95.13784008651228,topic_9,2.1895167409697787,topic_8,2.043262239118669
1189,topic_5,69.68960892793183,topic_2,17.445849160591404,topic_3,7.916065530115299
1190,topic_3,100.0,topic_1,0.0,topic_2,0.0
1191,topic_2,38.55060045739941,topic_3,27.230380901562867,topic_5,17.878281423157237
1192,topic_3,42.42816787134484,topic_8,30.828303937402914,topic_5,20.23962503449951
1193,topic_2,80.21785224458547,topic_5,18.58152688350913,topic_4,1.2006208719053937
1194,topic_3,99.87315454315484,topic_5,0.1268454568451559,topic_1,0.0
1195,topic_5,100.0,topic_1,0.0,topic_2,0.0
1196,topic_3,98.000743995619,topic_5,1.3845170668198403,topic_2,0.6147389375611715
1197,topic_3,97.0180580276421,topic_2,2.658502888690467,topic_10,0.3234390836674504
1198,topic_5,97.96320479207824,topic_6,0.810278240359364,topic_3,0.7127331670232965
1199,topic_2,35.03309100559769,topic_9,21.048311672848797,topic_3,20.676852479558583
1200,topic_2,29.36614720402396,topic_5,23.26609195930672,topic_3,21.684266467828778
1201,topic_2,89.96361265120112,topic_3,9.0611260857815,topic_5,0.8058132930179103
1202,topic_3,99.05492404157562,topic_9,0.9450759584243722,topic_1,0.0
1203,topic_3,100.0,topic_1,0.0,topic_2,0.0
1204,topic_3,100.0,topic_1,0.0,topic_2,0.0
1205,topic_2,95.5647022074076,topic_3,4.435297792592415,topic_1,0.0
1206,topic_3,100.0,topic_1,0.0,topic_2,0.0
1207,topic_5,74.04879756701692,topic_2,22.12125018407824,topic_3,3.185597346583056
1208,topic_3,42.42816787134484,topic_8,30.828303937402914,topic_5,20.23962503449951
1209,topic_5,99.62369286515734,topic_4,0.3763071348426627,topic_1,0.0
1210,topic_9,43.60150865161022,topic_3,21.09331375416697,topic_8,12.7683775312762
1211,topic_4,29.35280714735081,topic_5,20.3312201527551,topic_3,16.149602568426666
1212,topic_2,66.05403761448774,topic_3,24.32206820964896,topic_8,4.812575638822321
1213,topic_5,100.0,topic_1,0.0,topic_2,0.0
1214,topic_2,82.57934844988576,topic_5,17.42065155011425,topic_1,0.0
1215,topic_2,96.0302723718254,topic_9,3.969727628174585,topic_1,0.0
1216,topic_2,82.8276203566323,topic_5,17.172379643367712,topic_1,0.0
1217,topic_3,60.82987213570373,topic_2,25.6779268567364,topic_5,9.302230630759423
1218,topic_3,97.72278085889242,topic_2,2.277219141107575,topic_1,0.0
1219,topic_3,100.0,topic_1,0.0,topic_2,0.0
1220,topic_5,72.25886239578296,topic_3,11.65357359601468,topic_8,11.243082376624908
1221,topic_2,99.42354159179334,topic_7,0.5764584082066643,topic_1,0.0
1222,topic_3,98.0743679856351,topic_2,1.925632014364892,topic_1,0.0
1223,topic_3,100.0,topic_1,0.0,topic_2,0.0
1224,topic_5,100.0,topic_1,0.0,topic_2,0.0
1225,topic_3,35.08419099949128,topic_2,34.99636841032554,topic_5,26.003819019566272
1226,topic_8,54.8310019983763,topic_2,19.18358617954957,topic_9,13.666378041104066
1227,topic_3,100.0,topic_1,0.0,topic_2,0.0
1228,topic_3,28.33898562879751,topic_2,26.7426086829149,topic_9,22.59720258292276
1229,topic_7,32.67828926878276,topic_3,24.7019066712286,topic_6,22.67487146010652
1230,topic_2,29.36614720402396,topic_5,23.26609195930672,topic_3,21.684266467828778
1231,topic_2,34.8111604621175,topic_8,28.406526493661296,topic_7,28.10194048278062
1232,topic_2,98.15410839255782,topic_8,1.8458916074421905,topic_1,0.0
1233,topic_3,82.09539419500942,topic_8,6.839327607942878,topic_9,5.911833896269338
1234,topic_2,100.0,topic_1,0.0,topic_3,0.0
1235,topic_8,65.42387524533906,topic_9,17.923299478998768,topic_2,16.652825275662174
1236,topic_2,100.0,topic_1,0.0,topic_3,0.0
1237,topic_8,67.92082491274132,topic_5,12.572647993962224,topic_2,10.324854560942114
1238,topic_2,99.79442609229136,topic_1,0.2055739077086688,topic_3,0.0
1239,topic_3,100.0,topic_1,0.0,topic_2,0.0
1240,topic_2,29.36614720402396,topic_5,23.26609195930672,topic_3,21.684266467828778
1241,topic_2,98.53029117740428,topic_6,1.4697088225957164,topic_1,0.0
1242,topic_4,36.51728386547634,topic_9,28.91758988019292,topic_5,17.166863296312368
1243,topic_1,,topic_2,,topic_3,
1244,topic_7,85.59475943207201,topic_6,14.405240567927995,topic_1,0.0
1245,topic_9,100.0,topic_1,0.0,topic_2,0.0
1246,topic_4,57.73029239172452,topic_8,22.2043480059574,topic_7,7.215997322486305
1247,topic_7,52.68864578431369,topic_4,31.02101089362756,topic_8,10.560662884323875
1248,topic_2,34.19020024094624,topic_7,31.566318624241,topic_9,21.672052236879857
1249,topic_7,33.501071933601274,topic_8,30.790242986758475,topic_9,23.855160058602763
1250,topic_5,40.89825385524092,topic_4,29.55678371685259,topic_9,21.453656712970268
1251,topic_4,100.0,topic_1,0.0,topic_2,0.0
1252,topic_9,74.89089907078808,topic_2,14.585460587289592,topic_5,10.523640341922334
1253,topic_1,,topic_2,,topic_3,
1254,topic_2,100.0,topic_1,0.0,topic_3,0.0
1255,topic_2,92.29603623026914,topic_7,3.993573928699054,topic_8,3.710389841031804
1256,topic_2,98.1489547445878,topic_6,1.3440760458935992,topic_10,0.5069692095185987
1257,topic_7,99.99267393165464,topic_5,0.0073260683453477,topic_1,0.0
1258,topic_2,84.28492191194468,topic_7,15.715078088055334,topic_1,0.0
1259,topic_2,100.0,topic_1,0.0,topic_3,0.0
1260,topic_2,100.0,topic_1,0.0,topic_3,0.0
1261,topic_2,63.91309893611765,topic_8,21.761031829631357,topic_9,6.996734436277279
1262,topic_3,57.290965869627904,topic_5,26.27144332035296,topic_2,16.437590810019135
1263,topic_2,99.2721423128012,topic_3,0.5858999254245314,topic_9,0.1419577617742445
1264,topic_8,52.71896316188761,topic_7,33.42869794888868,topic_9,13.85233888922371
1265,topic_2,40.7007185716277,topic_4,38.2033373649171,topic_5,21.09594406345522
1266,topic_8,73.47730290467425,topic_2,11.78244553037504,topic_9,7.729554358621732
1267,topic_5,68.58456569159948,topic_9,13.3725403438842,topic_2,5.718048322656719
1268,topic_1,,topic_2,,topic_3,
1269,topic_2,25.132770929531983,topic_3,19.817130884859136,topic_1,17.893661544259803
1270,topic_3,53.34451971255787,topic_2,31.203140580423295,topic_5,9.6922895049762
1271,topic_9,28.248732028737045,topic_8,19.901132245812576,topic_2,17.954971660544405
1272,topic_9,29.253236323175337,topic_3,28.0291426903593,topic_2,21.154798674580142
1273,topic_2,59.50021065633868,topic_3,22.2257549647624,topic_9,10.460925299658443
1274,topic_2,25.132770929531983,topic_3,19.817130884859136,topic_1,17.893661544259803
1275,topic_3,64.41672933475368,topic_2,21.670634015821467,topic_4,8.783351774440323
1276,topic_2,75.20310392145127,topic_3,21.657573778913456,topic_5,2.315788825690631
