top_topic_name_1,top_topic_weight_1,top_topic_name_2,top_topic_weight_2,top_topic_name_3,top_topic_weight_3
topic_8,48.672520845602556,topic_2,20.960504333536132,topic_7,19.277991948109783
topic_8,68.92879513215122,topic_9,11.776663187614307,topic_2,10.045644344057314
topic_4,29.676591132406802,topic_8,22.782276416526365,topic_7,19.442210818177102
topic_2,30.85121856846113,topic_8,29.497838088361224,topic_4,9.861417787355618
topic_9,49.55084017576573,topic_7,28.574632479849395,topic_2,21.874527344384873
topic_9,89.9912220658949,topic_7,10.008777934105087,topic_1,0.0
topic_4,55.73116671671704,topic_2,35.19247202776976,topic_9,4.519524306539549
topic_4,71.91437469765712,topic_2,10.901568415698224,topic_8,8.835179095969416
topic_9,79.60491848789272,topic_2,13.842171377707983,topic_4,6.552910134399296
topic_2,50.529442943365716,topic_8,23.64340866996393,topic_9,7.645179513069922
topic_9,78.61114696388931,topic_5,13.610239146450532,topic_8,3.556932568416322
topic_6,99.47541713741063,topic_4,0.5245828625893786,topic_1,0.0
topic_6,98.34725945679783,topic_8,1.3719668893921548,topic_2,0.2741230550657849
topic_9,43.423618447285264,topic_8,38.01575184800738,topic_4,16.94087349480376
topic_5,48.33612922224451,topic_9,21.515341578813135,topic_4,16.459106462488034
topic_9,83.11832207370355,topic_8,16.881677926296454,topic_1,0.0
topic_6,95.85849455452353,topic_8,3.1334635782506286,topic_2,0.9004892147561694
topic_8,55.08278633964459,topic_2,33.24122990950738,topic_4,5.025020656157258
topic_8,76.47280576943528,topic_2,9.422529664184276,topic_4,8.83256244168931
topic_2,77.34574956375916,topic_7,12.178752047442757,topic_8,8.180383350084577
topic_9,73.62976020794007,topic_2,21.922063333699317,topic_3,2.9918939943292204
topic_9,31.010786957818997,topic_2,26.39811943255568,topic_4,17.475839586051276
topic_2,99.51932746776548,topic_10,0.4806725322345149,topic_1,0.0
topic_9,54.498075101125735,topic_6,25.91113566647136,topic_2,12.123939751204958
topic_5,53.55519709035855,topic_9,23.70080245779332,topic_4,20.11648758694436
topic_4,78.93900854848157,topic_5,15.789419205909798,topic_2,4.1487658459196455
topic_2,57.64302296365202,topic_9,18.4523887401067,topic_4,9.892086879447302
topic_4,49.046588511752944,topic_9,22.646286197350985,topic_3,16.384450365324536
topic_2,54.742570831894184,topic_9,32.00611196549483,topic_8,10.985364021766364
topic_5,92.10618383778345,topic_4,4.946704134015032,topic_9,2.1236121724286314
topic_9,84.44483832841334,topic_4,8.61917736124835,topic_6,4.7803254137453175
topic_2,56.01299401443687,topic_9,21.274873073892298,topic_5,10.3015535828117
topic_2,70.62009999858135,topic_9,29.379900001418648,topic_1,0.0
topic_2,26.495406879725863,topic_9,20.274451870237524,topic_8,19.051356141767506
topic_2,58.5048633878874,topic_4,22.70572904238477,topic_9,13.069658785332058
topic_2,75.84509313974637,topic_9,23.04539256295155,topic_4,1.1095142973020733
topic_9,33.48092022747272,topic_7,31.955957275967958,topic_5,17.68499693780011
topic_2,60.10951302793186,topic_4,19.820833389937693,topic_8,17.9730990274287
topic_8,50.02310926571971,topic_2,22.425042446023156,topic_9,15.51285208900175
topic_2,42.76359860232682,topic_9,30.27880457058533,topic_4,12.313863037316176
topic_6,54.45773018874231,topic_4,37.23581369763105,topic_9,8.134746161972773
topic_4,87.6812876916287,topic_2,11.363344149555612,topic_1,0.8760776189543309
topic_2,60.60960261859392,topic_7,17.497116073529337,topic_4,6.494414276720976
topic_2,53.05882696636734,topic_4,16.680243496678276,topic_9,14.913665604462306
topic_2,69.44563817341962,topic_5,12.999420285148346,topic_8,12.423827312963853
topic_4,70.5271437659899,topic_2,26.93719620185456,topic_8,1.2964951707792685
topic_9,50.33611539202625,topic_2,16.24387530633799,topic_4,14.012156225441535
topic_2,78.9906671532723,topic_5,8.492946145801945,topic_6,3.4710958251327964
topic_2,99.39940222248701,topic_6,0.6005977775129931,topic_1,0.0
topic_2,28.357990564418067,topic_5,26.7305225879212,topic_8,17.693862739483166
topic_6,66.5630163760215,topic_9,25.991824536741643,topic_2,2.6509273472919497
topic_6,60.00498475253282,topic_9,37.23441647183709,topic_2,2.572876408547622
topic_2,99.51172279914262,topic_7,0.48827720085737875,topic_1,0.0
topic_9,79.5377051580551,topic_8,11.516583422848827,topic_2,4.7566229636543325
topic_2,99.54260649065303,topic_9,0.45739350934696227,topic_1,0.0
topic_2,95.86826835949893,topic_7,3.833686139763411,topic_5,0.29804550073765795
topic_2,60.24959353334081,topic_9,24.651701094430116,topic_3,10.066659357501578
topic_3,89.39933374684668,topic_8,8.631942646330923,topic_6,0.8381919947216513
topic_2,26.9135711243655,topic_8,25.302962909290773,topic_4,19.877551333806686
topic_9,85.81983307980464,topic_7,13.594539493003499,topic_8,0.5856274271918707
topic_2,98.53165612267972,topic_8,1.468343877320274,topic_1,0.0
topic_2,82.57634250820209,topic_3,11.366280062044979,topic_4,6.057377429752929
topic_8,53.54632636929155,topic_9,37.861125664364714,topic_5,4.529022289631851
topic_5,28.44486519268816,topic_8,23.818413944671956,topic_2,19.170897080699213
topic_9,57.90332583482443,topic_8,24.399720563461607,topic_5,9.175524449735812
topic_3,40.0649602500753,topic_5,24.195363614046084,topic_8,19.882763452450508
topic_8,73.39972858952726,topic_9,14.684884676175884,topic_4,6.814170483556684
topic_9,45.357070517943825,topic_5,17.627144832627778,topic_4,17.43355666216077
topic_9,30.33293620222872,topic_4,28.49883461874302,topic_8,19.515883824576072
topic_8,38.35277135759796,topic_9,30.786415768968695,topic_5,11.891652539235073
topic_2,31.424319594826468,topic_6,16.45170529668501,topic_8,14.35615413119388
topic_4,41.62834495827424,topic_9,31.230753076295187,topic_8,10.574682933158119
topic_4,50.681650034435904,topic_5,27.409759275423042,topic_3,18.938823320379637
topic_8,62.612284323789545,topic_2,14.017174548389573,topic_4,11.226622604752064
topic_6,46.99111281038976,topic_9,18.939999933373866,topic_5,15.12547415947515
topic_2,100.0,topic_1,0.0,topic_3,0.0
topic_4,50.302003565234756,topic_9,31.488133464224806,topic_2,9.0462753915975
topic_4,51.79565739924425,topic_9,39.11162044938678,topic_2,7.763521247276969
topic_9,68.31012515954274,topic_2,18.891819071079837,topic_4,6.060844270683361
topic_3,85.89811959060803,topic_2,7.552076963466382,topic_9,2.195702956422717
topic_2,53.790070730577,topic_4,37.45576263846061,topic_9,8.75014533641005
topic_2,99.60708682975357,topic_5,0.19870891049568704,topic_8,0.1264434177384067
topic_2,89.4449744250175,topic_4,8.296837048510966,topic_5,2.258188526471537
topic_2,95.02999513029289,topic_8,3.7265971850298856,topic_4,1.2145946324426258
topic_3,67.52258219061798,topic_7,10.108711985512459,topic_5,9.92088645246022
topic_2,92.86373762641848,topic_5,3.3608169562214782,topic_7,1.9360894561495254
topic_8,84.36782669673421,topic_4,4.86336911389062,topic_5,4.282705322645859
topic_8,77.4288235072976,topic_2,12.499903453082952,topic_5,3.9961690136586854
topic_9,53.62320761169571,topic_8,20.47463504042203,topic_4,12.075642368619027
topic_9,100.0,topic_1,0.0,topic_2,0.0
topic_9,26.1289502748378,topic_2,23.94656404740419,topic_8,15.762803087242856
topic_2,48.74227728651571,topic_9,28.83713790220359,topic_4,12.151004547164172
topic_9,50.87879312536393,topic_2,19.728242634926264,topic_4,13.104307536887434
topic_9,78.60192305110061,topic_3,8.055098658824653,topic_5,7.845337631559454
topic_9,58.07812482685142,topic_2,21.367087554777246,topic_4,16.696573472555762
topic_7,57.00599656429277,topic_3,42.180276632549635,topic_9,0.8137268031575972
topic_3,99.97997258997691,topic_7,0.020027410023095125,topic_1,0.0
topic_9,70.71454640487126,topic_2,29.150116855581274,topic_6,0.1353367395474692
topic_9,45.5096745497694,topic_2,21.09972364136445,topic_4,15.499305058865566
topic_8,98.08175409930678,topic_2,1.5011285389643683,topic_5,0.3716364357878215
topic_8,98.4423358391859,topic_7,1.5576641608141,topic_1,0.0
topic_9,54.15141454151918,topic_8,32.90508204880261,topic_4,10.588166029574841
topic_1,,topic_2,,topic_3,
topic_9,88.47681230744027,topic_2,9.452944209869802,topic_4,2.0702434826899245
topic_6,41.095870113062404,topic_9,40.648037707756565,topic_8,13.676886028110363
topic_9,99.44311303750105,topic_8,0.5568869624989551,topic_1,0.0
topic_9,72.98379070654939,topic_2,18.838592510171694,topic_4,3.6359515226339787
topic_9,87.51822371139208,topic_5,12.481776288607932,topic_1,0.0
topic_9,25.866897242954362,topic_2,21.87186354438302,topic_8,20.08565600502233
topic_8,52.89192497762983,topic_9,37.845706100814674,topic_1,4.215718900790862
topic_9,39.59494079884578,topic_8,29.06922858387378,topic_4,25.239535043359577
topic_7,47.77117205687905,topic_9,33.669111217877514,topic_4,14.534129551622057
topic_9,98.84887322861243,topic_2,1.1511267713875566,topic_1,0.0
topic_9,52.42701984763306,topic_8,24.547844475196573,topic_5,9.433086812240163
topic_9,29.532462042461407,topic_7,16.9274244943313,topic_6,16.317753366790807
topic_9,69.31490626199373,topic_2,18.21154329330376,topic_4,12.473550444702516
topic_3,62.56078382802364,topic_9,13.452207128584249,topic_8,10.038835234983088
topic_9,61.0419720539736,topic_7,19.635968276784183,topic_8,14.860123467503717
topic_9,91.84067294544136,topic_7,7.567560200772456,topic_10,0.48145441730770383
topic_8,60.150533854732885,topic_2,38.47169395026508,topic_9,1.3777721950020168
topic_8,40.80862362479987,topic_2,35.23835967791973,topic_9,20.428859260602643
topic_4,36.36821841913477,topic_8,26.146587729029743,topic_2,24.997346436729266
topic_9,70.22962295720816,topic_2,19.047765538655952,topic_8,7.730981738471057
topic_4,95.52399632895582,topic_7,3.646975372940394,topic_2,0.829028298103767
topic_8,63.23172395559269,topic_9,20.257813275747502,topic_7,15.536319452763005
topic_9,90.9702452664422,topic_4,7.611131872447769,topic_2,1.418622861110017
topic_8,43.93762721272025,topic_9,29.77190798989542,topic_2,13.60208080191927
topic_8,49.79954111763397,topic_9,47.26024457873036,topic_1,2.9402143036356754
topic_2,28.94812201306458,topic_8,28.825655256115517,topic_4,20.330708089980877
topic_8,56.453415745740564,topic_2,21.92299418631922,topic_4,11.460448365861899
topic_4,66.79121634159665,topic_9,33.20878365840335,topic_1,0.0
topic_2,37.28912401910763,topic_8,36.28152331589943,topic_7,14.170007498751232
topic_8,91.72897074104505,topic_2,2.7279130145746664,topic_4,2.054792198837029
topic_8,52.700300817806514,topic_7,17.55772413173887,topic_4,12.874646460193418
topic_8,92.68025788288554,topic_9,5.780501891777052,topic_1,1.5392402253374096
topic_4,93.50522235039791,topic_3,3.733702639600923,topic_2,2.7610750100011643
topic_2,26.08263930356364,topic_9,24.53124351057568,topic_4,21.958228909248955
topic_7,73.37488824902891,topic_3,25.224269736028525,topic_5,1.4008420149425693
topic_9,68.87622272893104,topic_4,18.929781015343636,topic_8,10.135624147468484
topic_9,37.41720165605074,topic_8,36.296025577104686,topic_2,15.602957349312069
topic_9,55.656991127796154,topic_8,29.373775325247724,topic_4,13.148219637743177
topic_4,100.0,topic_1,0.0,topic_2,0.0
topic_2,83.61295963641984,topic_8,13.280544321443468,topic_5,2.133041869527642
topic_2,97.17802823852006,topic_3,1.521978419983957,topic_1,0.5711666665721931
topic_9,56.32260538347868,topic_5,21.857655268989774,topic_8,7.378172970106331
topic_2,45.518291106154734,topic_9,45.21733676029055,topic_5,7.534788362254572
topic_4,46.3709368838692,topic_2,26.227409502467737,topic_9,24.674087804681438
topic_5,95.77935490766377,topic_3,3.2687044152423903,topic_4,0.9519406770938353
topic_8,35.5304284772835,topic_3,32.578222349284935,topic_5,16.610205683538414
topic_8,31.140223192199137,topic_2,30.742774706718674,topic_4,15.403875901958765
topic_2,39.81212622591069,topic_4,26.90157886027904,topic_8,25.36470551218345
topic_2,99.1156487620009,topic_3,0.8843512379990948,topic_1,0.0
topic_8,62.50632318125679,topic_2,20.004466167908756,topic_4,15.881006080312813
topic_2,98.29957449817351,topic_3,1.7004255018264858,topic_1,0.0
topic_2,89.39206645389234,topic_5,5.408711710307362,topic_4,3.24777444870372
topic_2,38.8522403377894,topic_9,35.73486903053087,topic_8,10.852917019559076
topic_2,83.5687428522356,topic_6,11.55364528998338,topic_8,3.0114902448950542
topic_4,44.68045077781203,topic_2,44.23593161866672,topic_9,11.083617603521256
topic_2,93.53111730151603,topic_9,3.925718566741104,topic_5,1.287560279513349
topic_2,83.73501725980957,topic_9,15.988994573330732,topic_6,0.27598816685970146
topic_9,49.31883391085954,topic_2,48.73181412276526,topic_8,1.6961056707414723
topic_2,91.83232827882263,topic_9,5.0006586992059745,topic_3,3.1670130219713926
topic_2,88.17268592203871,topic_8,6.487322866045299,topic_9,4.111605146868125
topic_4,52.33813934822497,topic_9,25.30032911146775,topic_2,10.455841419871819
topic_2,83.6101945845292,topic_9,16.389805415470803,topic_1,0.0
topic_2,96.44609800898004,topic_3,3.553901991019947,topic_1,0.0
topic_4,52.92840776070942,topic_9,40.93737862677136,topic_2,3.336399825545036
topic_9,44.99938268857313,topic_2,34.38697006529119,topic_8,12.649390603406355
topic_2,51.14420738204207,topic_9,46.40035379148064,topic_4,1.711896073967981
topic_2,74.66274320578401,topic_9,23.071645087458258,topic_4,1.2489344598572438
topic_2,52.036334522297416,topic_9,47.963665477702584,topic_1,0.0
topic_9,70.45230412207573,topic_2,25.891564590328443,topic_4,1.9267610406295095
topic_6,74.99631256082127,topic_2,13.694846239336098,topic_9,9.331228782907443
topic_9,43.2864636771355,topic_2,31.8727457125048,topic_4,9.835335146584939
topic_2,42.30823487656311,topic_7,25.606688555685096,topic_9,18.788601405935296
topic_6,47.63825619902937,topic_7,45.93664722545865,topic_8,2.2588771069003943
topic_9,94.0368901573413,topic_4,4.2165254556685285,topic_5,1.7218178014194265
topic_9,70.20233005720038,topic_4,29.79766994279962,topic_1,0.0
topic_9,98.43771779373625,topic_2,1.562282206263743,topic_1,0.0
topic_9,65.64691195396414,topic_4,31.1971953182027,topic_8,1.83296717475456
topic_9,94.88481322430533,topic_4,4.0684988608701085,topic_7,1.046687914824576
topic_9,48.474071361912024,topic_4,43.82484557776902,topic_7,4.025567069936795
topic_4,46.84905445481331,topic_9,45.78137207441131,topic_2,6.062334390792491
topic_9,56.87905450007089,topic_4,33.87768765573276,topic_2,8.437278817695363
topic_2,64.44311829887454,topic_9,29.66281641725353,topic_3,3.159169160256649
topic_2,52.018330282248996,topic_9,42.16134402385288,topic_4,3.3085839642011163
topic_2,52.57847792288463,topic_9,34.8497257983676,topic_8,6.1739623565161486
topic_9,53.74163434970162,topic_2,43.00024902933789,topic_4,2.732287663643275
topic_9,78.09820766058782,topic_2,14.407858847802975,topic_4,6.6582464287786856
topic_4,91.68058696023601,topic_2,5.469403668772013,topic_8,1.5251287789612864
topic_4,63.05229160770881,topic_9,30.70840471771227,topic_2,6.239303674578929
topic_2,98.93509807046064,topic_4,1.064901929539346,topic_1,0.0
topic_4,50.998260095316304,topic_9,41.21780960704892,topic_7,4.187225308018451
topic_2,51.40806160223037,topic_9,32.863768327384896,topic_4,9.322148662524603
topic_4,78.49594275931824,topic_9,15.637461517824105,topic_2,5.8665957228576575
topic_2,79.00269396389554,topic_9,20.25763409134486,topic_3,0.7396719447595954
topic_4,86.49473403762303,topic_2,8.559409521419148,topic_9,2.89861540823446
topic_9,84.2681060794393,topic_2,9.747385783314828,topic_4,3.7050383488558225
topic_2,47.03222074690077,topic_9,46.79135150815844,topic_4,3.5075427200470934
topic_9,35.36383633934245,topic_2,31.802913659670466,topic_8,14.313612080960247
topic_2,47.07789227777932,topic_7,17.46261214178686,topic_9,15.822488944299403
topic_2,96.3854120984147,topic_7,2.1739418532496564,topic_5,0.746281951297277
topic_2,47.13955327861782,topic_9,25.21450144769593,topic_7,14.109064821196293
topic_9,29.058662179759427,topic_2,27.367968589564217,topic_8,14.243737670095086
topic_2,92.85673827623722,topic_4,3.6383326634096447,topic_7,3.5049290603531404
topic_2,71.07208035118379,topic_9,19.693527423557367,topic_7,6.129630846482734
topic_2,97.80525294086928,topic_7,2.194747059130731,topic_1,0.0
topic_2,59.012103518152216,topic_8,25.42156813337086,topic_6,9.945954738784934
topic_9,97.97530937624188,topic_8,2.0246906237581097,topic_1,0.0
topic_9,98.75290374252732,topic_7,0.7246149584411598,topic_8,0.5224812990315187
topic_5,44.46700327190685,topic_4,20.91973636352315,topic_7,13.472523238652578
topic_4,32.42787332801627,topic_5,22.73409094125356,topic_8,20.034033044560783
topic_8,77.10351259465226,topic_2,17.11403254369849,topic_9,4.9621665883910575
topic_8,87.96758684494303,topic_9,6.282167818393993,topic_2,5.750245336662988
topic_2,69.38752355952299,topic_8,28.77278568189933,topic_5,0.9836247860098882
topic_2,64.31243323710687,topic_7,26.02623294647362,topic_5,4.102874311938748
topic_2,99.20484665716991,topic_7,0.44084951454979987,topic_5,0.35430382828028617
topic_2,83.80376669559347,topic_8,7.867992013058016,topic_5,7.517789379271692
topic_5,37.94555584406438,topic_2,34.273926895407236,topic_4,13.042926139512444
topic_2,76.05380903207583,topic_6,11.758618451905205,topic_8,7.471623561777384
topic_2,61.126941955640305,topic_8,23.476190212431966,topic_4,5.416034657696902
topic_9,64.65745110836107,topic_2,22.588506112772773,topic_4,9.266358918462236
topic_2,56.75558832931295,topic_8,26.503590210619684,topic_7,15.469648524783262
topic_2,50.7811293963871,topic_4,17.44763993301089,topic_7,13.894578028492123
topic_2,83.59265596910235,topic_4,8.858509212669995,topic_8,2.5168753252759104
topic_8,67.63795196799961,topic_9,32.24055803387206,topic_1,0.12148999812831819
topic_2,99.94844451077893,topic_10,0.051555489221064336,topic_1,0.0
topic_2,51.159669436089494,topic_3,26.96281555794443,topic_8,12.169899107802006
topic_9,90.96787925034023,topic_3,3.0558898034044146,topic_2,3.004046040150033
topic_9,83.50721183423491,topic_4,8.133018875507185,topic_2,7.111581572892043
topic_4,84.65959417082472,topic_9,10.63829721265,topic_5,2.0109679051974405
topic_4,100.0,topic_1,0.0,topic_2,0.0
topic_2,66.70631628039604,topic_4,12.379768111594895,topic_5,8.544432375991187
topic_4,96.44836829408706,topic_2,3.551631705912952,topic_1,0.0
topic_4,64.9780770685731,topic_9,19.64693267342125,topic_2,9.378725715575305
topic_4,60.94738802414089,topic_9,25.146137527683678,topic_3,13.906474448175436
topic_9,99.52759366092158,topic_7,0.4724063390784183,topic_1,0.0
topic_8,40.98528810543895,topic_5,35.99060044725717,topic_2,9.852495317507756
topic_2,54.6252449267179,topic_9,36.569315233246556,topic_4,7.441619310544761
topic_2,46.24402980690382,topic_4,27.762396621990572,topic_9,11.363196532896723
topic_8,52.60911215394595,topic_9,38.9826461848004,topic_2,8.397021127615464
topic_2,90.01023904405655,topic_4,7.048973997799191,topic_8,1.207871718281294
topic_9,29.38936923021088,topic_2,28.15652878814384,topic_8,27.509772118928193
topic_9,44.13631794796509,topic_2,28.786053069339474,topic_8,12.358232547873753
topic_2,50.39185548886142,topic_8,13.90680765423083,topic_5,13.481354110017014
topic_2,65.51504411294336,topic_9,25.35872132580167,topic_3,8.181963083183094
topic_9,47.06021024443543,topic_8,29.585147646268652,topic_2,14.71434438899847
topic_8,99.93531142221009,topic_1,0.06468857778992346,topic_2,0.0
topic_9,79.27285291190317,topic_8,8.804318330822518,topic_4,7.018450271395311
topic_4,92.64385331104214,topic_2,6.337536690075041,topic_8,1.018609998882831
topic_8,78.2839785914977,topic_9,12.91071491631203,topic_7,4.655478931209334
topic_9,96.47833682332917,topic_4,3.5216631766708235,topic_1,0.0
topic_8,53.40585358037372,topic_9,33.490328533578726,topic_7,7.867031827690175
topic_9,53.88261840265024,topic_4,18.554628001642044,topic_2,14.686246006242603
topic_2,44.47972840532766,topic_7,27.631781275726897,topic_9,21.701237263082366
topic_2,84.97653282375309,topic_8,6.613864311188675,topic_9,4.6234413878835925
topic_2,95.48046244793788,topic_9,4.519537552062121,topic_1,0.0
topic_9,63.05172370999122,topic_8,31.841545299328914,topic_4,5.10673099067986
topic_2,65.55014283403007,topic_9,17.527431964551674,topic_8,10.666373603537357
topic_2,61.2674836752427,topic_8,16.203158306009875,topic_9,15.798694739294293
topic_9,53.72075259745156,topic_2,46.27924740254844,topic_1,0.0
topic_9,100.0,topic_1,0.0,topic_2,0.0
topic_9,53.62498355344991,topic_8,25.297724849931036,topic_2,10.275244080188585
topic_9,41.15019470445015,topic_5,32.58030536653838,topic_1,10.640409856915765
topic_2,100.00000000000001,topic_1,0.0,topic_3,0.0
topic_2,59.12201632463453,topic_9,26.658991386784326,topic_6,5.326650662361024
topic_9,73.57710927440732,topic_4,12.727274549885292,topic_5,11.90599017887621
topic_2,94.32759415132838,topic_4,5.6724058486716205,topic_1,0.0
topic_9,38.251755359399255,topic_2,36.134601884385916,topic_4,15.347273374072598
topic_2,95.05048164581365,topic_9,4.949518354186347,topic_1,0.0
topic_8,41.886536057058564,topic_9,31.27698962804327,topic_2,16.172356955268416
topic_9,88.10377960660287,topic_2,11.5953098745493,topic_3,0.30091051884782594
topic_9,91.39754571510635,topic_5,5.27812750046232,topic_4,2.097436988841486
topic_2,74.82182789086437,topic_9,14.187840958939319,topic_7,6.7416077595270965
topic_8,70.36909910382437,topic_2,17.672183838725875,topic_4,8.249720377812414
topic_3,69.94366649201764,topic_2,25.540461109448753,topic_9,3.9747409961688547
topic_2,78.43900719775728,topic_9,10.525854036577128,topic_4,6.136679174693302
topic_2,39.081965105856746,topic_4,22.572285784673166,topic_6,22.19616365029631
topic_4,26.484539008239555,topic_9,22.07924279589164,topic_8,15.007988523887262
topic_6,48.10995611873838,topic_4,24.00146436982174,topic_2,19.858099578673396
topic_8,42.78815296887839,topic_9,40.63365175250977,topic_5,13.387171895989207
topic_4,29.89762623504891,topic_9,23.069620195527012,topic_2,19.11767962582893
topic_2,62.852666139269104,topic_4,36.50617222962784,topic_7,0.6411616311030446
topic_6,34.01597339071113,topic_9,29.470291114305635,topic_4,29.125371296771924
topic_7,40.62144008086988,topic_2,38.74063216944319,topic_8,20.34994491170609
topic_9,55.8745166474227,topic_2,12.348883809357181,topic_7,8.76317559854457
topic_4,100.0,topic_1,0.0,topic_2,0.0
topic_2,100.0,topic_1,0.0,topic_3,0.0
topic_9,66.38465072068915,topic_4,17.61851507529281,topic_2,13.910616230993625
topic_2,50.853080483062385,topic_4,31.286169211349247,topic_9,8.560119292330175
topic_2,45.39683590363509,topic_4,30.88373622162165,topic_9,13.171563633278891
topic_9,51.36257925933892,topic_8,18.574598980556182,topic_4,17.828208182895878
topic_9,43.18919822871627,topic_2,38.313075061862094,topic_4,12.391521064805127
topic_2,35.26075005075591,topic_9,28.693260199579314,topic_4,25.408473385236732
topic_4,38.4182268939761,topic_2,30.050330007363556,topic_8,13.672411408170973
topic_2,59.73063869527498,topic_9,27.94415522574296,topic_4,12.207774639834097
topic_2,44.42857623735055,topic_9,25.002660107579146,topic_8,16.76905174124335
topic_8,35.36148487853669,topic_9,24.07324433858023,topic_4,17.63537435446435
topic_9,54.20486561435951,topic_4,45.79513438564047,topic_1,0.0
topic_8,28.714609049247038,topic_4,25.69170268405294,topic_2,21.882135678495146
topic_9,100.0,topic_1,0.0,topic_2,0.0
topic_2,77.59900119092072,topic_3,11.364571582602242,topic_4,5.821105945675291
topic_2,36.61678974950563,topic_8,24.687316136892303,topic_4,20.421558468258436
topic_8,42.274137286750765,topic_5,36.25229748669184,topic_2,11.511674393314285
topic_2,49.30436025014316,topic_4,24.963546085457274,topic_9,16.2663963793265
topic_2,48.16284775116736,topic_9,42.65292981175359,topic_4,8.059649771963418
topic_2,32.163581685161255,topic_5,30.658341765727773,topic_9,24.03075567415894
topic_4,47.92767421021883,topic_9,35.47673859943052,topic_5,14.224458963792278
topic_5,47.88906380957708,topic_8,21.148362819809815,topic_9,19.29553814639473
topic_7,42.52538027981544,topic_6,24.38683843949028,topic_4,16.783870797826133
topic_5,44.982162681014486,topic_8,22.608183286545817,topic_9,19.876969162898053
topic_5,93.1747373345644,topic_8,6.412889527676115,topic_2,0.39828187297947754
topic_5,82.54492912189563,topic_8,6.91189008730735,topic_9,5.973606698433547
topic_9,51.975050006385246,topic_2,34.39448034431808,topic_5,5.628927650995706
topic_3,54.418096971763426,topic_4,35.25753874434723,topic_5,7.241667252019059
topic_1,,topic_2,,topic_3,
topic_5,98.35238118946442,topic_9,1.64761881053557,topic_1,0.0
topic_9,51.02075517175635,topic_8,43.492565199387734,topic_2,2.472715953037126
topic_3,74.1859179714096,topic_5,8.89128476810582,topic_2,5.424224727694838
topic_8,51.37322415757536,topic_2,31.58567278497575,topic_5,8.120619914576745
topic_2,56.8121164638482,topic_5,16.65943308591272,topic_4,11.614776887085547
topic_8,25.863970937015967,topic_5,25.203131176216633,topic_4,18.77886679807278
topic_2,35.6998143127643,topic_8,24.26170528759994,topic_5,16.920033159304616
topic_2,45.49838240675757,topic_4,32.27984566789737,topic_9,19.02169243392248
topic_4,55.08100976450144,topic_9,26.679053733416616,topic_5,15.48894134692106
topic_8,51.08066996314285,topic_2,31.710645650341892,topic_9,14.359797233817194
topic_2,55.92350132560448,topic_8,24.40514834810565,topic_4,8.759453796834583
topic_2,90.22266982207623,topic_8,8.099274157725166,topic_6,1.6780560201985943
topic_8,70.82066830533888,topic_2,22.181559609088833,topic_9,4.677822905293292
topic_2,93.89024723666085,topic_8,6.109752763339141,topic_1,0.0
topic_2,34.147195743034594,topic_8,27.42723073383011,topic_3,25.157875463406807
topic_2,99.93982307701629,topic_4,0.059086357655642144,topic_10,0.0010905653280739126
topic_5,35.15988161817245,topic_3,34.399916608108626,topic_2,13.32659457738098
topic_8,46.10248417361097,topic_9,21.675065870872924,topic_5,21.447974001061283
topic_7,54.91624819107269,topic_4,20.661226782440885,topic_5,9.686059443842295
topic_4,33.974383662502476,topic_2,33.10009003458061,topic_9,14.175190371565597
topic_9,53.95811802292641,topic_4,18.07765387374621,topic_2,15.441097214566948
topic_2,98.78713845644808,topic_7,1.1554312268954965,topic_10,0.0574303166564338
topic_2,87.07257216890302,topic_4,5.999199249821237,topic_5,5.007135669979205
topic_2,82.10006082015248,topic_5,8.288577677983078,topic_7,5.57211934706488
topic_8,39.16285983236917,topic_9,28.167393388318224,topic_5,25.321099613894567
topic_9,38.22207105260128,topic_8,27.283129445948116,topic_7,17.07676504252474
topic_9,95.64751376522872,topic_8,4.352486234771292,topic_1,0.0
topic_2,73.25888192271928,topic_8,19.90644583491207,topic_9,5.7686851312998
topic_5,36.47595770584909,topic_9,26.351069260214473,topic_2,14.42333840525291
topic_2,29.50183586490243,topic_5,22.745037431219085,topic_8,18.412335669438995
topic_9,99.52550549904265,topic_5,0.4744945009573473,topic_1,0.0
topic_9,91.17880751058557,topic_5,5.938832136720449,topic_4,2.0170860757778764
topic_2,68.50547832528427,topic_8,16.58525998137567,topic_6,11.83617278527788
topic_2,83.06630666998664,topic_8,9.83084072926657,topic_9,4.444625892817492
topic_5,92.19669071871627,topic_4,3.6940404750684475,topic_1,3.02190909789834
topic_5,75.61053118845156,topic_8,18.664584640140603,topic_3,2.857973410704608
topic_4,73.93647877305335,topic_5,19.015494841932302,topic_9,6.090283107403526
topic_9,52.780723340314296,topic_4,36.81190276577457,topic_7,5.186602981278517
topic_2,66.6899635905919,topic_8,15.269003210026016,topic_6,12.566017423615676
topic_8,35.07259390750382,topic_9,27.884652075078417,topic_4,21.311809929016146
topic_5,44.46944270792646,topic_9,32.79720166914284,topic_8,17.598153329307387
topic_9,34.29406748073794,topic_5,31.287666408243627,topic_8,26.344309420259613
topic_9,36.94072095796545,topic_8,34.92358272047086,topic_5,11.88861400506678
topic_5,54.06696808150628,topic_9,32.398244032999074,topic_8,13.534787885494639
topic_8,48.60775020307001,topic_9,25.05455843070755,topic_4,17.803466663423542
topic_9,59.563342606859706,topic_8,29.877312578573875,topic_4,8.661860131496477
topic_6,97.76656214987858,topic_1,2.2334378501214154,topic_2,0.0
topic_4,30.18017841950184,topic_8,21.12145607312706,topic_3,17.94309418307211
topic_9,75.79412149993553,topic_2,10.835798464534065,topic_3,8.524205019969605
topic_9,57.93101482745104,topic_2,30.039784358273813,topic_3,7.3696237425615045
topic_5,21.060314897719582,topic_9,19.99725055181068,topic_2,19.52205608619929
topic_8,58.79044226299218,topic_2,28.70339894093074,topic_6,6.7370493860980805
topic_4,100.0,topic_1,0.0,topic_2,0.0
topic_2,35.80828111016755,topic_4,21.092495645884323,topic_9,13.657615808639752
topic_2,48.49848195244797,topic_4,28.295059521312883,topic_9,13.105949757371622
topic_9,52.39040730756428,topic_2,21.12231861495536,topic_6,19.986739219656304
topic_4,44.73419303358258,topic_5,38.855204330828634,topic_9,10.389783208366099
topic_4,89.70125166655936,topic_7,7.81632078549385,topic_2,2.236833875932101
topic_9,41.12809515326244,topic_8,23.082950627480542,topic_2,16.980732565434177
topic_5,33.392723618443014,topic_9,30.051883603970616,topic_6,20.096223171051438
topic_5,28.96888991087871,topic_6,22.31269479939475,topic_9,21.624815188007595
topic_4,22.73026736785958,topic_2,20.068606858596336,topic_5,17.924833319813644
topic_8,44.1646865973821,topic_9,33.965734239249755,topic_2,11.427630365449666
topic_9,29.418103143501202,topic_5,21.41877021262537,topic_8,19.180207546592882
topic_7,78.6626537971834,topic_9,10.623744360072859,topic_4,6.361992690773723
topic_4,38.09647869578138,topic_9,33.262641327748035,topic_2,10.508043460544481
topic_9,45.962452439815706,topic_8,27.632729060388897,topic_6,12.362772719575354
topic_9,30.763203950662678,topic_8,30.33530756442319,topic_6,14.933789864781144
topic_9,56.495643034409014,topic_2,30.92219691950797,topic_3,6.798952884528688
topic_8,35.03071924036904,topic_9,24.110907910060035,topic_7,23.171970707227658
topic_9,76.31851757438741,topic_3,12.148092850726217,topic_2,11.533389574886376
topic_4,59.5002559593086,topic_5,23.658855586302685,topic_9,9.793085840262968
topic_7,34.676063389348684,topic_9,34.49333573451548,topic_8,10.830888031225827
topic_7,89.90601330290596,topic_8,4.935866627001152,topic_4,3.1153151503066487
topic_9,85.97603799105588,topic_7,10.295758409688506,topic_8,3.7282035992556066
topic_5,55.60287691711463,topic_2,17.652048054995475,topic_6,8.185345494403142
topic_8,37.76923863225775,topic_5,20.535020069035298,topic_9,19.652069676852026
topic_9,67.01528473017736,topic_7,24.549080194538426,topic_8,4.802059327146757
topic_8,39.42741889593282,topic_5,29.00755749590265,topic_9,26.353361056431282
topic_9,38.883614366844185,topic_5,34.076555557602575,topic_2,16.387207629900363
topic_7,33.037497864527204,topic_2,21.99157987506621,topic_4,20.323583874193943
topic_4,84.88304138557461,topic_2,9.388688059334182,topic_8,4.884122032089089
topic_9,26.827324438657413,topic_8,26.566407200023576,topic_4,18.52593743232209
topic_9,54.01175527859569,topic_2,20.869018570453598,topic_8,17.98828044115315
topic_2,69.13530965527532,topic_4,27.912459879516366,topic_6,1.4232955867051145
topic_5,52.27532587951798,topic_4,31.827731750133207,topic_3,13.674342630847018
topic_9,27.899238192730895,topic_5,27.408357548360588,topic_7,18.733403644793434
topic_2,83.92464211658697,topic_5,9.0737311888703,topic_7,7.001626694542744
topic_5,38.37379849865044,topic_4,21.141557464197557,topic_9,10.77679645761199
topic_8,35.690671818320794,topic_9,28.974630578193974,topic_5,27.811661518692848
topic_8,91.28446578774015,topic_6,8.715534212259852,topic_1,0.0
topic_4,79.52220690521847,topic_7,18.448536365738505,topic_3,2.02925672904303
topic_8,39.95336703610717,topic_9,30.655081679490813,topic_4,26.579273143154893
topic_10,35.265133464709756,topic_7,23.487627094537768,topic_9,22.07545170846547
topic_6,38.908387981677215,topic_8,27.331348563354393,topic_9,16.298944345184747
topic_9,44.32436563175494,topic_5,22.427249313380766,topic_6,21.551266815018863
topic_8,100.0,topic_1,0.0,topic_2,0.0
topic_4,25.788832228107225,topic_5,22.497723017414508,topic_6,17.493727758293772
topic_9,37.60995445423525,topic_2,18.720794607542793,topic_7,13.329289648180163
topic_4,96.41215042551254,topic_8,3.0711159677853734,topic_10,0.5167336067020861
topic_5,64.74054089183164,topic_2,29.224869391574106,topic_4,4.439045502189751
topic_4,75.19319010182535,topic_6,21.041503016343217,topic_8,3.765306881831425
topic_4,84.90403955489398,topic_8,7.858435582199256,topic_7,4.939289791367683
topic_9,69.5530158828276,topic_4,11.551490258221206,topic_2,10.808452134832004
topic_9,36.78804678361033,topic_4,17.859456807618564,topic_2,12.75179604331973
topic_9,53.76821986411844,topic_2,18.715958530327192,topic_8,14.988601049962686
topic_9,56.12095065115718,topic_2,21.74189833232869,topic_8,8.37967812506806
topic_4,50.43751744925747,topic_5,49.32760308691432,topic_6,0.23487946382820094
topic_5,61.89606742827218,topic_6,16.741749481719737,topic_7,10.17229899679614
topic_8,74.53493327434641,topic_9,22.11468223604045,topic_10,3.054692975844589
topic_9,97.68123253429674,topic_1,1.6747172919631392,topic_8,0.644050173740132
topic_2,62.45200144658387,topic_7,24.58583743597892,topic_8,5.904899725020665
topic_3,34.056972833285876,topic_8,22.306317623219186,topic_7,16.007852894635153
topic_9,32.27193314197405,topic_4,30.097857777025503,topic_2,17.695095358084057
topic_9,83.24182085170038,topic_8,16.712087044659512,topic_10,0.04609210364012543
topic_9,41.24844194779368,topic_4,30.99127270057051,topic_2,11.48290219548974
topic_9,42.85087824387528,topic_2,29.961481982610582,topic_4,11.69045043833054
topic_5,64.41100306103347,topic_8,11.760188593309623,topic_7,10.276969984468792
topic_4,41.99438271189428,topic_9,39.68467702722594,topic_6,12.318529311094656
topic_7,48.19748004011086,topic_9,41.218373086277424,topic_2,6.131424921414306
topic_9,31.869486116120957,topic_8,23.528227173342664,topic_5,14.14292395813767
topic_9,82.48480957699783,topic_8,7.917670528060104,topic_10,6.472568666630432
topic_9,55.04376708777585,topic_8,41.14810549361214,topic_5,3.4291871497215487
topic_9,52.619934059381954,topic_2,44.750689348731974,topic_5,2.6293765918860683
topic_6,74.75011359345876,topic_8,22.333164049126008,topic_9,1.9946463712807438
topic_8,98.2722425866686,topic_5,1.727757413331408,topic_1,0.0
topic_9,64.72843766973186,topic_5,19.594045029549665,topic_4,11.933618650049254
topic_2,43.357118418843996,topic_8,26.135456671321933,topic_4,13.601508005028649
topic_2,45.400022377052736,topic_1,25.304717915368663,topic_9,18.681561013808537
topic_7,42.09455594023862,topic_8,37.281874642885285,topic_2,8.950534335755801
topic_7,34.231523318534805,topic_8,30.19976416285019,topic_9,13.013469348353302
topic_8,43.78011124929721,topic_9,38.293784783467494,topic_2,17.87460287850424
topic_8,48.290847900672276,topic_9,42.722051588498815,topic_2,7.203433997183584
topic_8,55.5385820748788,topic_1,21.918149060172794,topic_4,16.357545799082022
topic_9,47.874370836794185,topic_7,38.89228250225389,topic_8,7.6316674751973625
topic_4,81.13214564004662,topic_10,9.48112703784303,topic_3,9.386727322110362
topic_9,95.71585173981084,topic_8,4.2841482601891565,topic_1,0.0
topic_8,96.54446431827783,topic_1,3.455535681722173,topic_2,0.0
topic_8,58.91626880058445,topic_9,25.819815789209663,topic_7,5.789899221349813
topic_5,24.317929072093868,topic_8,21.013356145433917,topic_9,15.551446994101042
topic_2,82.19152570358644,topic_5,10.62820381888706,topic_7,7.180270477526509
topic_9,62.23771949208973,topic_8,25.8879824584931,topic_3,10.619617651668339
topic_9,75.61128697713512,topic_3,24.08636046943493,topic_8,0.29450712984776095
topic_9,43.705153936003185,topic_7,16.03408987066721,topic_8,15.955979821359177
topic_8,48.357058928125774,topic_2,22.318902458602956,topic_1,15.00934069082003
topic_8,50.35385991976827,topic_9,35.073373094713304,topic_1,9.630664633990792
topic_5,34.310776083838704,topic_8,18.608123278118633,topic_4,16.063065831298974
topic_7,43.41346109409904,topic_8,20.4636994573754,topic_2,12.730714581180822
topic_8,48.47198201497275,topic_9,29.795575599500403,topic_2,13.108052376168486
topic_5,38.35188595900238,topic_4,33.18194367230986,topic_1,12.901417279294758
topic_8,98.2563813380024,topic_5,1.7436186619975886,topic_1,0.0
topic_8,45.65618497625842,topic_9,32.17664484210149,topic_6,19.237939828079174
topic_3,29.30182682604958,topic_2,27.280792048059475,topic_4,12.707484229264397
topic_9,81.83559988527786,topic_4,8.0437949882279,topic_5,7.368093999189827
topic_7,90.83841614908027,topic_8,9.161583850919731,topic_1,0.0
topic_7,94.48092094309722,topic_8,5.519079056902792,topic_1,0.0
topic_8,36.49929558697715,topic_7,25.778440764173286,topic_3,22.218512368995587
topic_2,49.658424954003536,topic_4,33.13252037335286,topic_8,17.209054672643592
topic_4,35.47525029188394,topic_8,30.1872942790342,topic_7,26.25754094533544
topic_8,41.23325958780288,topic_9,22.78555052767644,topic_3,19.936375896728407
topic_8,29.215162372550996,topic_5,26.133802017728815,topic_9,20.48536801042958
topic_3,86.08288655916826,topic_8,10.122215488644809,topic_9,1.7549890930782839
topic_8,34.21119345295546,topic_9,30.0043773541639,topic_2,22.956243907460024
topic_1,,topic_2,,topic_3,
topic_2,56.2879976425129,topic_4,35.89883108657817,topic_9,7.80521737268537
topic_2,100.0,topic_1,0.0,topic_3,0.0
topic_4,49.683806987324814,topic_5,18.179197598545663,topic_9,14.939013842654308
topic_4,49.28904574628598,topic_7,46.854958652802424,topic_2,3.8559956009116023
topic_9,40.16114089056812,topic_8,29.928518095780564,topic_5,11.512828097029013
topic_7,56.70005315422383,topic_8,36.29138557973651,topic_9,7.008561266039659
topic_8,76.28059209215445,topic_7,16.34361760683949,topic_4,3.1351951707436867
topic_5,46.18092000347329,topic_9,23.863807047583016,topic_4,16.13948485395023
topic_9,71.90957681615475,topic_8,18.223720780300727,topic_7,6.016395705413388
topic_8,37.24240785164711,topic_9,22.10480071618765,topic_7,17.733233950162145
topic_7,56.57147807140551,topic_2,18.746358943816087,topic_5,10.14257585110869
topic_2,67.1623980810743,topic_5,23.729384588477036,topic_7,8.658070985968918
topic_9,38.81874817478039,topic_8,29.500244196301527,topic_2,26.719781547146912
topic_9,72.04434605196978,topic_2,11.75542942537717,topic_1,10.537276851191214
topic_9,95.48243500507273,topic_2,2.461424579192074,topic_6,2.05614041573519
topic_9,49.430656695503515,topic_7,35.98483338413525,topic_4,4.660408547002152
topic_9,76.59864767562892,topic_3,6.6708019844519635,topic_5,5.183842178933393
topic_9,48.372561314751735,topic_5,26.388039458437387,topic_4,23.868479060030683
topic_9,79.11883338673152,topic_7,20.88116661326847,topic_1,0.0
topic_7,100.0,topic_1,0.0,topic_2,0.0
topic_7,100.0,topic_1,0.0,topic_2,0.0
topic_8,87.23664087677615,topic_2,11.167971243923658,topic_6,1.0771974725976377
topic_8,29.26020343793469,topic_9,28.02394223011113,topic_6,26.53293393267687
topic_4,76.58415119776511,topic_8,13.634405483620867,topic_3,5.958061616219714
topic_1,,topic_2,,topic_3,
topic_4,31.914493497319977,topic_8,19.735232081697568,topic_5,17.49157050249737
topic_8,31.274502067567546,topic_4,23.271304183465688,topic_9,23.258510065251812
topic_2,56.67522910592801,topic_9,19.49854514945246,topic_4,10.475716599417291
topic_5,29.15356868577146,topic_4,20.987323645173404,topic_8,18.613160599403663
topic_9,81.82548606917243,topic_7,18.174513930827565,topic_1,0.0
topic_1,,topic_2,,topic_3,
topic_4,78.81320075328654,topic_5,9.67739144035704,topic_9,7.078386900527472
topic_8,73.09221073771735,topic_9,23.805029333476746,topic_1,2.094109508530117
topic_6,29.742690704422596,topic_9,29.656457576056507,topic_8,20.983407062453644
topic_5,100.0,topic_1,0.0,topic_2,0.0
topic_9,42.3066616615643,topic_7,31.557985053727386,topic_5,19.272634370264512
topic_7,56.57147807140551,topic_2,18.746358943816087,topic_5,10.14257585110869
topic_6,40.92137668668056,topic_9,40.063027568277384,topic_7,13.133662416398284
topic_5,28.204089251899564,topic_6,23.556956868270515,topic_9,19.786484238035786
topic_9,44.7980575469147,topic_5,35.21468100078056,topic_8,13.610481385344018
topic_5,45.534777843350476,topic_9,23.0636229123371,topic_8,12.034895928239479
topic_5,59.31841926221429,topic_6,28.344352111033672,topic_4,12.337228626752037
topic_7,98.26067211277855,topic_8,1.1578885279746252,topic_6,0.5814393592468058
topic_7,88.46967109756712,topic_9,11.53032890243288,topic_1,0.0
topic_9,27.28157697694962,topic_7,20.255501875719666,topic_5,18.758823559200007
topic_5,29.747127283201888,topic_9,26.758520331951093,topic_2,23.00315479789263
topic_9,42.67167272269346,topic_4,26.93352902728635,topic_2,19.82648577366325
topic_9,21.796587560754197,topic_8,16.74396972059403,topic_7,16.003673447544486
topic_6,44.34883852508803,topic_9,24.65143997378325,topic_8,18.21797847263242
topic_4,71.58974408041227,topic_5,18.315897028595586,topic_6,5.734522164454203
topic_9,98.97482141188642,topic_7,0.9509948217524399,topic_10,0.0741837663611206
topic_6,79.1437582293316,topic_5,9.045425371464308,topic_7,5.54840100273926
topic_7,92.55619858450977,topic_9,5.870862218774042,topic_3,1.3181736255433194
topic_8,57.89265805378355,topic_2,41.20729034913083,topic_4,0.8832490096414968
topic_2,63.075726474611784,topic_9,28.496006736434307,topic_7,5.902573366689475
topic_8,36.93059827993829,topic_2,18.219419717702007,topic_4,15.20469354493868
topic_9,76.75474535139877,topic_2,20.237332570932644,topic_4,1.7870338183424548
topic_9,96.2662864440828,topic_7,2.337171341622002,topic_6,1.3965422142952069
topic_9,82.02409358574342,topic_3,8.37512409740013,topic_8,6.051638191284698
topic_8,85.76984709627226,topic_2,10.992755480998639,topic_9,2.1498458614238074
topic_4,67.12295144322435,topic_2,24.803547601519018,topic_8,8.073500955256629
topic_9,68.67202542196026,topic_2,14.249425679667784,topic_8,9.162679048331247
topic_9,79.80368440388781,topic_8,16.167698923638966,topic_4,3.059874689132885
topic_8,26.125384593337202,topic_9,20.484588755922317,topic_4,17.354833841189848
topic_4,84.47186247115768,topic_3,5.5522939412205,topic_8,4.773198065286564
topic_9,82.21866704126668,topic_4,9.52753102045456,topic_8,6.8977559837053155
topic_2,85.69870246321607,topic_6,7.8471045567448,topic_7,5.337219697480144
topic_4,74.0244722684222,topic_2,22.0559132623978,topic_9,2.940256916766803
topic_4,93.02559938779831,topic_3,5.508747987966432,topic_2,0.9669121994953437
topic_8,52.21519980302298,topic_2,42.74464839099373,topic_9,5.010246705900542
topic_8,50.82587368977535,topic_4,26.305787899886692,topic_2,22.868338410337966
topic_8,24.553733062107387,topic_9,20.42833199849872,topic_5,18.451370400764404
topic_8,61.1428174085572,topic_4,33.36277069897836,topic_2,5.466315139561202
topic_2,65.0567523938793,topic_4,34.57237387030669,topic_1,0.37087373581400956
topic_8,49.80819894478954,topic_9,27.90919611704457,topic_2,10.64271031593024
topic_9,48.88607241133875,topic_2,17.826503736763026,topic_4,12.56148753864735
topic_9,44.11078164895441,topic_2,26.43682516835282,topic_6,11.53892340951027
topic_4,54.813769972039445,topic_9,26.45365136729898,topic_2,14.349283384293592
topic_9,52.65794376593726,topic_5,17.926466745844913,topic_2,11.376236271593491
topic_9,71.72337693444283,topic_4,8.541699692358103,topic_8,7.711683598639977
topic_8,88.29629629105175,topic_2,7.908877619401923,topic_9,3.337413309652101
topic_8,97.34967220579405,topic_6,1.6154295644781518,topic_9,1.0348982297277944
topic_8,98.01646106406704,topic_2,1.1125037290284228,topic_4,0.6739060734870971
topic_5,36.904623883041744,topic_9,34.35429642947956,topic_8,23.276459275187506
topic_8,56.36273171566195,topic_2,27.82927294622962,topic_1,5.223387003663565
topic_8,77.71577513873214,topic_9,11.732933189997668,topic_2,7.350755683900193
topic_9,49.84589303892732,topic_4,43.05915558961298,topic_3,5.617224796297837
topic_2,30.737386325653237,topic_4,25.48594870558367,topic_8,23.10376450737356
topic_9,35.14620571976456,topic_8,22.53011215231177,topic_2,19.08372245671149
topic_2,57.88470102961364,topic_9,26.223406996456234,topic_4,12.35543878814277
topic_9,68.23576913374093,topic_7,16.108832933170426,topic_3,11.512094809245909
topic_1,,topic_2,,topic_3,
topic_8,44.89617740507392,topic_9,24.938475785527256,topic_4,17.374908652065066
topic_5,48.9804879511282,topic_4,33.29937644019155,topic_2,13.92554485922172
topic_8,88.26036801909154,topic_9,9.21199167444252,topic_6,1.971860334776787
topic_8,38.487204239675506,topic_2,33.74998372151478,topic_9,21.72785482585316
topic_8,98.51591148594082,topic_3,1.4840885140591766,topic_1,0.0
topic_8,47.72512952420673,topic_9,30.096518838095296,topic_2,13.902413998156735
topic_7,80.30019965494466,topic_9,8.26595379105673,topic_2,7.915227266404485
topic_2,42.35372261569918,topic_9,34.89740976635391,topic_4,15.298963165463634
topic_9,42.84725160650776,topic_7,25.57197862579728,topic_2,21.571801440399533
topic_9,28.316350030713515,topic_7,19.0241625928697,topic_8,17.63311089486457
topic_7,43.03225139588423,topic_9,36.60773541211548,topic_4,13.828999184120185
topic_9,36.579878254603926,topic_2,22.782687584410656,topic_5,20.738714902255175
topic_8,65.51678491156507,topic_9,28.36012020432667,topic_2,4.5310044494842785
topic_7,59.131905026446574,topic_9,35.062771744623355,topic_4,3.855541553014967
topic_2,68.21838064386827,topic_9,28.664855257562746,topic_4,3.1167640985689844
topic_8,45.88372768458421,topic_9,19.59489841218067,topic_7,13.026618543817408
topic_7,81.84774286624214,topic_2,14.148071861693355,topic_9,2.944729710379678
topic_2,88.25492784248817,topic_5,4.745689068759877,topic_7,2.1880988923655065
topic_9,81.79252272875874,topic_7,8.538649323854145,topic_2,4.704267173458536
topic_4,75.60929367114375,topic_9,21.30870341821619,topic_8,1.5943053041556943
topic_7,49.19392347051229,topic_9,47.934097463246616,topic_10,2.6211492348799994
topic_4,52.92727917414233,topic_5,34.46458791072941,topic_9,10.908566773154936
topic_4,99.23496867200045,topic_10,0.5274509527115633,topic_6,0.2375803752879856
topic_8,26.780694646620052,topic_7,26.740130694611192,topic_6,21.25079972510332
topic_6,39.814411050655735,topic_8,37.54473452658154,topic_5,8.980070431433072
topic_5,30.303250537303175,topic_4,25.638105004753136,topic_8,14.115928926001878
topic_9,43.64457080217197,topic_5,20.243011499645473,topic_4,9.856282452057176
topic_4,76.34006500699593,topic_2,13.255382580580314,topic_6,10.404552412423747
topic_8,77.39925334222872,topic_1,10.495948059303842,topic_2,7.057472961279897
topic_3,33.31156960736544,topic_9,29.65629601761615,topic_6,26.258751126021707
topic_5,46.87150056320588,topic_9,16.74879030209971,topic_2,10.919206116516548
topic_4,36.13699950715352,topic_2,24.48677014397487,topic_5,20.499316822683802
topic_10,43.76595791523485,topic_2,20.33295024278028,topic_9,17.952268962716676
topic_8,40.9311957747071,topic_4,19.790525471379393,topic_2,19.735657574812024
topic_9,81.58044987214689,topic_8,14.765410515026783,topic_5,2.7761906532970033
topic_5,93.87686224918787,topic_8,3.3419182183966196,topic_9,2.7812195324155113
topic_5,53.714952214149484,topic_4,26.35565917777859,topic_2,9.840483660530705
topic_8,54.10936297309382,topic_5,32.05666878470361,topic_4,13.83396824220257
topic_5,25.266850406312436,topic_9,20.334251460817775,topic_4,15.056081517174992
topic_4,78.91114556221308,topic_5,11.043753757017516,topic_3,9.513887047747193
topic_3,100.0,topic_1,0.0,topic_2,0.0
topic_3,91.94112238312194,topic_5,7.658067521949501,topic_6,0.3956876351685733
topic_3,61.60171215377638,topic_8,12.57607954856662,topic_4,12.19064967551043
topic_4,90.06754875232929,topic_5,6.669894306273296,topic_7,3.2625569413974183
topic_5,89.93379772226528,topic_4,7.427053043538256,topic_2,1.8260265932450486
topic_5,85.7463778109347,topic_3,7.9993941106839115,topic_4,5.425337928978859
topic_4,51.11751756962869,topic_9,42.828079351274084,topic_5,6.054403079097227
topic_9,64.49045484625418,topic_4,35.509545153745805,topic_1,0.0
topic_5,52.8983839872908,topic_4,23.434808054957713,topic_3,18.115633973796232
topic_5,33.122972228017765,topic_9,22.104997601024948,topic_3,14.201456122064704
topic_4,46.21453131537957,topic_9,41.55601900206958,topic_5,12.229449682550856
topic_5,92.4857236360511,topic_9,6.686923207761818,topic_6,0.8273531561870706
topic_5,81.5587730655813,topic_3,12.243503357231218,topic_4,6.177437027976065
topic_5,97.1016272066356,topic_4,2.8983727933643975,topic_1,0.0
topic_5,63.85352483430153,topic_7,26.031147730143843,topic_6,5.606435271681412
topic_5,99.9915490050165,topic_10,0.008450994983494739,topic_1,0.0
topic_5,99.99090722238212,topic_10,0.009092777617869228,topic_1,0.0
topic_8,38.607162111094546,topic_9,24.887963421489648,topic_6,19.734804413395175
topic_5,99.27794429778595,topic_7,0.3866939625695403,topic_10,0.3353617396445188
topic_5,99.24893194736862,topic_6,0.7510680526313903,topic_1,0.0
topic_5,90.6947438775402,topic_2,4.438026738802371,topic_3,3.123102146096397
topic_5,97.21772039162575,topic_4,2.7704400005624263,topic_10,0.011839607811826806
topic_3,94.80559746545701,topic_2,3.47477491785453,topic_8,1.7196276166884514
topic_4,65.02751425533539,topic_3,34.82271489817462,topic_1,0.1497708464899897
topic_8,99.44372319976301,topic_2,0.5562768002369943,topic_1,0.0
topic_3,89.26277114540704,topic_4,5.162141400916903,topic_8,3.109278918998729
topic_3,91.99478252996882,topic_8,8.00521747003117,topic_1,0.0
topic_8,46.76973720835496,topic_3,28.419362522710866,topic_4,23.795326189874096
topic_8,65.38706561405459,topic_4,33.290644913710054,topic_3,1.322289472235351
topic_9,63.3943235502328,topic_3,34.37724007393576,topic_8,2.228436375831452
topic_8,45.133995900339514,topic_4,27.36277957804017,topic_9,17.151787488123524
topic_3,98.19589219903735,topic_2,1.8041078009626532,topic_1,0.0
topic_5,33.20894222244109,topic_7,17.29257961546389,topic_8,12.933218350008392
topic_2,92.29771447602303,topic_7,2.678378837678248,topic_5,2.5615905561967507
topic_8,89.42639817126455,topic_4,10.573601828735434,topic_1,0.0
topic_2,88.02498283841275,topic_9,7.4478776048617705,topic_4,3.523089723873008
topic_9,34.733464326929806,topic_8,29.580636566069472,topic_6,27.834468656394765
topic_8,32.3024349957711,topic_9,26.04821158098611,topic_2,21.59595176853566
topic_4,51.420698491091564,topic_9,21.70956330399487,topic_3,9.13323857041987
topic_9,39.281419771840504,topic_4,19.177258856857563,topic_5,18.233574980727738
topic_1,,topic_2,,topic_3,
topic_9,38.56573564776781,topic_8,17.224569958440764,topic_3,11.676222617847007
topic_6,56.41666279925046,topic_9,40.58990532665219,topic_8,1.7398148355469667
topic_9,67.86317866100052,topic_2,19.312371684981084,topic_4,10.943249343778975
topic_9,97.07256344825664,topic_5,2.927436551743355,topic_1,0.0
topic_9,73.67061959458154,topic_4,12.283211150363893,topic_8,7.692971767647602
topic_9,78.86886386975294,topic_8,15.90657429900188,topic_3,2.140718809841738
topic_8,47.54837578184848,topic_4,22.521826891310457,topic_5,9.83775677708739
topic_2,33.20442230889701,topic_9,29.395915890983954,topic_4,22.617541427001807
topic_4,76.32873949757482,topic_2,12.11908515916374,topic_3,8.96152898452192
topic_8,28.5843641818653,topic_9,21.516584036556544,topic_4,20.50910014243831
topic_4,62.789553360994304,topic_8,12.558865784541489,topic_9,11.417973833655111
topic_2,73.25325914896035,topic_7,9.633273967967266,topic_8,9.494272025515741
topic_2,59.75389086089074,topic_8,34.22741510862056,topic_3,2.9452098663914694
topic_2,42.4436498155115,topic_5,23.465521306211564,topic_7,15.978652525871754
topic_4,100.0,topic_1,0.0,topic_2,0.0
topic_4,54.81966731815283,topic_5,27.0672067569423,topic_9,17.731059255737193
topic_9,56.31014123964816,topic_2,38.92139271935269,topic_8,2.7548355240061055
topic_9,29.037278976692512,topic_8,27.788711317131902,topic_2,11.82075386720757
topic_9,41.91516202231321,topic_2,22.364168350614325,topic_8,14.750713814365572
topic_7,42.321032549380504,topic_8,29.08276842476126,topic_9,28.59619902585823
topic_9,81.07447660392468,topic_7,15.446891661511106,topic_2,3.4786317345642295
topic_9,35.72302904835096,topic_2,25.314871744721483,topic_4,21.462379926044672
topic_5,82.12960990647751,topic_2,7.150589724605726,topic_7,5.026565942841863
topic_9,34.69061107208737,topic_7,32.09160381696488,topic_4,12.20626438880838
topic_2,51.273769533503184,topic_8,48.72623046649683,topic_1,0.0
topic_2,64.66388223735335,topic_9,12.551213111969407,topic_6,11.967589791015575
topic_9,100.0,topic_1,0.0,topic_2,0.0
topic_4,83.77369466467216,topic_6,12.202259545393229,topic_7,3.50300125272828
topic_4,98.56555265106903,topic_6,0.7995148314502184,topic_8,0.6349325174807537
topic_2,76.75186977088802,topic_9,6.45364260882232,topic_6,5.655372357696015
topic_9,46.16304448637526,topic_2,45.224523564321714,topic_6,3.1823041763944464
topic_9,100.0,topic_1,0.0,topic_2,0.0
topic_2,45.03564142300254,topic_8,34.96301414235188,topic_4,11.32611931694021
topic_2,51.62198514025452,topic_9,40.035471314064694,topic_7,5.105805277599665
topic_2,84.30153531316236,topic_9,15.698464686837637,topic_1,0.0
topic_8,99.94065154642739,topic_1,0.05934845357260244,topic_2,0.0
topic_9,56.87694402267732,topic_2,43.12305597732268,topic_1,0.0
topic_9,100.0,topic_1,0.0,topic_2,0.0
topic_7,100.0,topic_1,0.0,topic_2,0.0
topic_9,50.95425638497804,topic_7,23.734777296175597,topic_3,11.45690785913132
topic_9,26.891910142663324,topic_7,17.735287364635717,topic_6,16.706862602651043
topic_2,67.52715108578133,topic_9,19.132716681645235,topic_7,6.677492832928914
topic_9,30.11682265053348,topic_5,17.71031934924479,topic_8,17.070204884341134
topic_2,53.0197404009822,topic_9,31.834564258721613,topic_4,12.486100337347244
topic_9,100.0,topic_1,0.0,topic_2,0.0
topic_2,98.93920662283737,topic_6,1.060793377162623,topic_1,0.0
topic_2,95.56674951954945,topic_7,4.433250480450541,topic_1,0.0
topic_9,86.80298855051811,topic_7,5.104006178232439,topic_5,4.208010757323567
topic_9,95.99236448265339,topic_4,2.919254038403424,topic_5,0.8313148131297357
topic_4,58.70580453408572,topic_9,32.7202321919284,topic_2,8.498984052547579
topic_9,96.65082485489636,topic_4,3.1063041959476902,topic_7,0.2428709491559564
topic_9,100.0,topic_1,0.0,topic_2,0.0
topic_3,58.46537628333258,topic_2,32.19473923140536,topic_4,9.239439879803488
topic_9,42.35008047397738,topic_8,16.445371481511522,topic_7,11.983714199257173
topic_7,28.44527951929884,topic_9,28.386044800384205,topic_2,26.18901628978409
topic_4,66.67844277360902,topic_9,20.75923826951238,topic_2,6.942212921203894
topic_9,100.0,topic_1,0.0,topic_2,0.0
topic_7,95.50887916302086,topic_8,4.491120836979122,topic_1,0.0
topic_9,76.37993763589934,topic_4,5.5384974334864125,topic_3,4.504734035307558
topic_9,46.99482830149562,topic_6,17.059839171607283,topic_8,16.906197023856926
topic_4,74.08192904084176,topic_9,16.392303748288537,topic_8,6.047963371755642
topic_9,75.98157554370903,topic_7,13.740405910758266,topic_3,7.690644466017088
topic_9,67.54939410224682,topic_2,32.450605897753185,topic_1,0.0
topic_9,46.34295218209449,topic_6,14.49095069940383,topic_7,12.703212369134643
topic_9,81.19058557047612,topic_8,11.727133500697235,topic_4,7.082280928826642
topic_1,,topic_2,,topic_3,
topic_7,100.0,topic_1,0.0,topic_2,0.0
topic_2,43.1267559135944,topic_4,40.66203847614538,topic_9,16.2112056102602
topic_2,97.32641810752024,topic_8,2.67358189247976,topic_1,0.0
topic_9,32.38400375396409,topic_4,18.0218044366663,topic_7,17.823881237366848
topic_7,40.996683913520755,topic_2,29.110950781066123,topic_8,20.822306250156128
topic_2,99.69769189961008,topic_3,0.30230810038992934,topic_1,0.0
topic_9,99.99999999999999,topic_1,0.0,topic_2,0.0
topic_2,98.13933121106788,topic_3,1.8606687889321194,topic_1,0.0
topic_2,98.57795522410858,topic_3,1.4220447758914267,topic_1,0.0
topic_2,38.91800994160117,topic_4,30.227411195840823,topic_8,13.92980218104792
topic_2,100.0,topic_1,0.0,topic_3,0.0
topic_2,66.94705416976736,topic_9,21.793508225673186,topic_4,4.638197565962159
topic_2,100.0,topic_1,0.0,topic_3,0.0
topic_9,100.0,topic_1,0.0,topic_2,0.0
topic_2,69.76996392877551,topic_9,28.42914574897014,topic_4,1.8008903222543495
topic_8,46.52097177205129,topic_7,19.10645397843761,topic_6,19.08254833329413
topic_5,80.17386132026763,topic_9,16.21677545456012,topic_8,3.6093632251722547
topic_5,89.16804596464642,topic_8,6.637585281204372,topic_2,2.8794124415744826
topic_6,60.3679610921518,topic_4,39.103316648417135,topic_1,0.5287222594310643
topic_4,83.66796878648627,topic_5,7.226834183764041,topic_2,4.3870113156737185
topic_1,55.56537922314183,topic_8,27.804854308344606,topic_9,16.33594224145546
topic_7,42.13817112267079,topic_9,24.040132756261233,topic_8,13.503608874403914
topic_9,32.62952788748009,topic_5,27.129787134741047,topic_6,22.56005401037182
topic_7,94.47810322153495,topic_9,3.9651729013333266,topic_2,1.5567238771317162
topic_8,73.88037771663589,topic_3,12.279962859785243,topic_2,5.214006708986469
topic_9,49.859640667342155,topic_5,22.79427798746943,topic_6,16.56735883895859
topic_7,59.67322672444378,topic_8,38.981422468202375,topic_4,1.3453508073538516
topic_5,98.23312792150786,topic_3,1.6195896179801816,topic_6,0.14200007039725412
topic_7,90.86685424740729,topic_2,2.8923018125010374,topic_4,2.3681775830847385
topic_8,94.73024989875809,topic_7,5.269750101241914,topic_1,0.0
topic_7,100.0,topic_1,0.0,topic_2,0.0
topic_8,76.23885902308287,topic_7,8.649500432468624,topic_5,7.730654427429695
topic_8,36.53786906502727,topic_4,25.603396321226604,topic_9,23.061966067574925
topic_9,40.8647442713233,topic_5,25.176535295480235,topic_6,12.580237399222929
topic_5,96.76218209442686,topic_6,1.7202051510616156,topic_9,0.8860033575974404
topic_7,93.3161655109329,topic_9,4.4678823757603885,topic_8,1.6655010008329414
topic_4,30.414644875076974,topic_7,25.791935392946133,topic_8,20.77746204354466
topic_9,32.47722150635154,topic_8,27.173500631607276,topic_4,26.438536083974263
topic_8,42.58966037211693,topic_4,20.086646283902432,topic_7,15.00431343465891
topic_7,89.06483006921846,topic_4,8.99048589096649,topic_8,1.944684039815054
topic_7,84.88722529152416,topic_8,14.421043868486883,topic_3,0.6917308399889526
topic_7,40.75753053704798,topic_8,28.648453494122165,topic_9,26.140983390206923
topic_6,79.4509111339542,topic_9,14.119641592326252,topic_8,4.217053971846989
topic_7,56.57147807140551,topic_2,18.746358943816087,topic_5,10.14257585110869
topic_9,41.46904966975424,topic_2,22.645811539025345,topic_6,14.45514956813578
topic_9,60.060164974636564,topic_6,30.368437686729536,topic_4,5.749662523623361
topic_8,90.91782308269764,topic_7,9.08217691730236,topic_1,0.0
topic_8,97.95759431262425,topic_3,1.2339359136505794,topic_7,0.8084697737251598
topic_8,43.578471279729044,topic_5,24.821486039675772,topic_9,9.942826566242546
topic_5,93.89827517128431,topic_8,4.334304199121762,topic_9,1.230798660386441
topic_9,75.58301572876844,topic_7,21.292525025926896,topic_8,3.124459245304662
topic_2,51.39574349192371,topic_9,30.848823181361535,topic_8,4.780550239228005
topic_7,100.0,topic_1,0.0,topic_2,0.0
topic_7,98.37634856935094,topic_2,1.623651430649083,topic_1,0.0
topic_8,46.22965198628536,topic_9,23.212357786245082,topic_7,21.226008992715897
topic_7,96.4768977051596,topic_8,3.5231022948404003,topic_1,0.0
topic_7,100.0,topic_1,0.0,topic_2,0.0
topic_8,67.07962695889803,topic_9,17.857550476623505,topic_6,5.609905393962866
topic_9,68.7188145127901,topic_4,22.49287799420225,topic_5,8.640322834758054
topic_9,53.44049494697732,topic_5,25.13962884386554,topic_4,15.727657796774123
topic_7,100.0,topic_1,0.0,topic_2,0.0
topic_7,84.2391850466094,topic_8,14.978747164770043,topic_3,0.7820677886205503
topic_7,47.711908295926484,topic_8,42.38499370494919,topic_9,9.903097999124327
topic_9,80.95556701359173,topic_7,15.867629224363993,topic_2,3.176803762044274
topic_8,99.0913568942053,topic_2,0.5907386257508858,topic_6,0.3179044800438055
topic_2,63.74458390808696,topic_8,31.286153952988656,topic_3,2.417964000758437
topic_8,94.87648288752777,topic_9,4.784523284370241,topic_1,0.17694968148360024
topic_9,94.30702954451785,topic_8,4.647685205300012,topic_7,0.8296385196082041
topic_9,66.02778491144923,topic_6,15.111436706275182,topic_8,11.827575949900025
topic_9,79.42424556243306,topic_5,11.099243809342504,topic_8,8.907122206056039
topic_8,29.671125369725104,topic_9,26.707873046117076,topic_7,11.644384124686475
topic_8,80.73483746539347,topic_7,9.515523750944585,topic_9,9.131462389291771
topic_8,38.36390747225333,topic_9,34.58789481087631,topic_2,18.54461430201143
topic_8,67.04219751705162,topic_9,32.957802482948374,topic_1,0.0
topic_2,98.82664815599027,topic_8,0.7805956807800518,topic_10,0.39275616322968254
topic_2,93.95373607426528,topic_9,6.03710511851218,topic_8,0.00915880722254101
topic_8,40.12810102896496,topic_2,28.28222874770578,topic_6,12.092122159847708
topic_9,94.91471793250717,topic_6,4.539398019548812,topic_7,0.5458840479440124
topic_2,54.17981466978534,topic_8,34.20673579233302,topic_7,7.439535452489993
topic_9,34.87612820340626,topic_2,20.78863542443603,topic_8,19.630897479605522
topic_8,36.26040723531284,topic_9,26.231847589048517,topic_4,20.041947477459825
topic_8,98.74228238613777,topic_2,1.1481662957535859,topic_9,0.1095513181086341
topic_8,95.64677080204352,topic_7,4.082429975313196,topic_3,0.1935434075805641
topic_3,44.82940071597073,topic_8,32.61406754843315,topic_7,7.896072283888853
topic_2,52.591050815244536,topic_8,31.602645400712746,topic_9,13.928788457939211
topic_9,40.10899925844385,topic_8,26.946283671405588,topic_7,18.907952464192043
topic_9,63.26137587538127,topic_8,19.709713256244154,topic_6,9.265989795903304
topic_9,89.39727313117129,topic_2,9.830087981963832,topic_3,0.7726388868648842
topic_8,36.636990894195144,topic_9,34.649252407282304,topic_7,15.613887158477867
topic_9,87.0187287701242,topic_8,7.6987801426588245,topic_4,4.675996254441908
topic_9,53.66203166801862,topic_8,34.28937401677711,topic_2,8.694697488868309
topic_8,100.0,topic_1,0.0,topic_2,0.0
topic_7,46.92315605015948,topic_9,31.60570355502855,topic_8,15.856961275237849
topic_2,63.880586509569106,topic_8,34.904335625269724,topic_9,1.1386576397189696
topic_9,64.07840318359774,topic_8,35.92159681640226,topic_1,0.0
topic_8,48.0744342271551,topic_9,40.824458599318376,topic_2,11.08324404540313
topic_8,64.3016719627737,topic_3,17.978896034545727,topic_4,8.082102583226202
topic_9,42.86002455364859,topic_8,39.50493467012468,topic_2,12.658208267472634
topic_9,70.91684556737661,topic_8,20.52328591088759,topic_2,4.17777856691036
topic_9,29.38960554060091,topic_5,17.880070908918494,topic_4,13.9191275456532
topic_8,83.79250707524635,topic_2,8.082016955590538,topic_4,4.715690709440851
topic_7,44.522827004789654,topic_9,28.167733155531337,topic_8,22.86695876783154
topic_2,57.71393198422524,topic_8,27.79435770021112,topic_9,14.034322524365392
topic_2,56.816868495684425,topic_9,22.062416534112536,topic_4,14.170439276179678
topic_8,96.43865610851586,topic_9,3.3892210806338734,topic_1,0.17212281085027084
topic_8,44.36051223167113,topic_2,30.012906960010103,topic_4,12.409735022025728
topic_8,83.91841996488301,topic_4,12.667715079424285,topic_6,3.4138649556927168
topic_9,99.88206875371792,topic_1,0.1179312462820959,topic_2,0.0
topic_7,58.41411070252855,topic_9,28.706764942150045,topic_8,8.850316840279934
topic_4,98.1703237470253,topic_6,0.8632454471534297,topic_7,0.46554645855510857
topic_2,89.31041372104572,topic_9,10.55205361352072,topic_1,0.13753266543356515
topic_8,37.926847238628326,topic_2,25.844896086237057,topic_4,15.277122963905812
topic_8,72.83808433096037,topic_2,13.117544728904027,topic_9,7.934615648599176
topic_2,26.899048928994056,topic_4,24.617135258172283,topic_7,21.294821416170855
topic_4,87.90058814958844,topic_9,3.9912392683825884,topic_8,3.407123703437668
topic_9,91.90991998605293,topic_2,7.88353604042931,topic_1,0.20654397351777312
topic_8,100.0,topic_1,0.0,topic_2,0.0
topic_2,48.06744442953635,topic_3,28.672882827891634,topic_8,14.086908571475997
topic_8,48.11847261854467,topic_7,14.184548985530434,topic_4,10.318885965107917
topic_8,53.89003702102539,topic_4,31.034182725863477,topic_2,11.399539357110655
topic_8,88.7416204168262,topic_4,4.969139767665304,topic_2,4.002941209018503
topic_9,37.550179550227035,topic_2,31.763057001667075,topic_8,16.38471529691973
topic_2,100.0,topic_1,0.0,topic_3,0.0
topic_3,44.40836640472324,topic_4,22.94658649976255,topic_9,16.403281229761596
topic_9,35.95746114360046,topic_8,26.937927056562604,topic_2,14.44600252303571
topic_9,58.66295664799657,topic_8,20.809456791978352,topic_2,20.527586560025057
topic_9,34.17620739566604,topic_7,22.06409600816015,topic_2,16.36864029571012
topic_8,48.69059813430274,topic_2,23.82321493473467,topic_4,16.843772977579498
topic_9,90.76003747808782,topic_8,4.515299595251097,topic_7,4.188964167117792
topic_4,97.34755048607632,topic_3,1.4119904093790774,topic_2,1.2404591045446096
topic_7,97.62645557799894,topic_8,1.3200353544828045,topic_9,1.0535090675182655
topic_8,68.62645478928575,topic_3,12.805742719028986,topic_2,8.130918486950822
topic_9,100.0,topic_1,0.0,topic_2,0.0
topic_8,43.39839446033971,topic_9,29.738202011209708,topic_2,23.11626940690214
topic_2,39.87907275410658,topic_9,29.177969717608697,topic_4,16.686893955272378
topic_8,35.3390241282978,topic_2,34.99889356182124,topic_9,12.988552347348216
topic_4,45.72158836045943,topic_9,23.71071791977315,topic_8,19.15624397139144
topic_4,57.6599472387276,topic_8,34.81339716200567,topic_2,3.6401903197293883
topic_8,44.362451909842804,topic_2,22.704255984499717,topic_7,11.568949264237133
topic_9,59.52968987488409,topic_5,15.730324990713882,topic_8,15.042201039950408
topic_5,33.067301900572176,topic_8,28.083870305463506,topic_2,18.78162974693189
topic_8,100.0,topic_1,0.0,topic_2,0.0
topic_9,61.848078223610955,topic_8,25.198243401051723,topic_7,5.020086805542115
topic_8,100.0,topic_1,0.0,topic_2,0.0
topic_8,59.763744567372086,topic_9,32.43381597361605,topic_2,6.592423038408884
topic_8,46.04520854071082,topic_7,29.785768310539794,topic_9,13.226340434457418
topic_9,39.435422000284646,topic_8,38.286040986394525,topic_4,15.625616323089815
topic_8,53.90063827029744,topic_5,16.136655035146227,topic_3,10.482913457001631
topic_8,66.5227539013424,topic_9,22.279526125248353,topic_4,4.933630763281986
topic_9,63.27275276959486,topic_8,28.42136552078441,topic_4,4.440314588523602
topic_4,45.72158836045943,topic_9,23.71071791977315,topic_8,19.15624397139144
topic_8,75.40030408672573,topic_9,21.926934066225126,topic_7,2.6727618470491428
topic_2,68.86287144476798,topic_8,29.688860306539176,topic_9,0.8988689515294939
topic_8,60.01760090260505,topic_9,25.351420801387995,topic_2,14.479489386034668
topic_8,58.51897474682128,topic_2,29.908608037994824,topic_9,11.572417215183894
topic_8,55.5987596558683,topic_2,15.790325304929365,topic_3,14.386995389873075
topic_4,29.98216188779868,topic_9,27.135981035372666,topic_8,19.378605403780302
topic_9,55.56345609342643,topic_2,21.29789608611356,topic_7,10.824460779457596
topic_9,82.30471607096658,topic_8,15.762433077883392,topic_1,1.4853984342541584
topic_2,89.5017410006174,topic_8,9.981947211130684,topic_7,0.5163117882519246
topic_8,95.41039637764737,topic_7,4.58960362235263,topic_1,0.0
topic_8,26.543925779574025,topic_7,24.950915297510164,topic_10,21.998570267601593
topic_9,31.549132628261678,topic_5,18.923205115245274,topic_2,18.35702744762322
topic_6,52.25622236672932,topic_2,33.144702200400516,topic_8,6.6220129256733244
topic_6,98.58944053584297,topic_8,1.2841788941704093,topic_4,0.12638056998660627
topic_9,47.308696792565435,topic_4,25.441510666211375,topic_5,22.40841329131281
topic_9,40.05088875530397,topic_8,23.210240259129048,topic_4,17.93963295107782
topic_6,95.07579726937307,topic_7,4.649248527171006,topic_2,0.27495420345593385
topic_9,27.427899140618425,topic_8,26.56704919565685,topic_3,16.49489154343969
topic_6,100.0,topic_1,0.0,topic_2,0.0
topic_8,81.11928646316385,topic_2,9.19856812176012,topic_4,7.136314406313217
topic_1,,topic_2,,topic_3,
topic_3,41.01131580081187,topic_8,18.629378772154148,topic_9,16.68564328471546
topic_9,96.47161371554519,topic_5,3.5283862844547977,topic_1,0.0
topic_6,98.74671076925236,topic_8,1.2532892307476513,topic_1,0.0
topic_7,74.64477330939783,topic_4,20.75116355144607,topic_9,2.966547064807511
topic_6,92.51223462016411,topic_4,7.487765379835889,topic_1,0.0
topic_4,91.90927655022759,topic_6,8.090723449772396,topic_1,0.0
topic_9,99.44448509646942,topic_6,0.5555149035305763,topic_1,0.0
topic_9,80.04685109698822,topic_6,12.118889791434322,topic_2,6.293489684762059
topic_6,65.91524652784649,topic_7,24.66753489829215,topic_2,4.175565875901723
topic_9,99.44448509646942,topic_6,0.5555149035305763,topic_1,0.0
topic_2,70.11994961845328,topic_9,15.460944391009855,topic_4,11.31447441366579
topic_6,44.86393220897543,topic_4,38.735518293663056,topic_7,14.360406235824966
topic_7,93.69960028114384,topic_4,3.5684030794456727,topic_8,1.4713692390740678
topic_9,100.00000000000001,topic_1,0.0,topic_2,0.0
topic_6,99.51325104371608,topic_9,0.4867489562839113,topic_1,0.0
topic_6,100.0,topic_1,0.0,topic_2,0.0
topic_6,93.67021483828198,topic_7,3.943061570620009,topic_2,2.3867235910980096
topic_6,98.53531439393254,topic_8,1.4646856060674673,topic_1,0.0
topic_6,100.0,topic_1,0.0,topic_2,0.0
topic_9,99.44448509646942,topic_6,0.5555149035305763,topic_1,0.0
topic_4,90.13134974602636,topic_6,9.868650253973636,topic_1,0.0
topic_6,100.0,topic_1,0.0,topic_2,0.0
topic_6,98.33352140442969,topic_2,1.6664785955703023,topic_1,0.0
topic_10,60.354664357042445,topic_7,27.96999155971731,topic_6,7.964788505464011
topic_6,95.09282010989004,topic_7,4.69995991529883,topic_2,0.20721997481113433
topic_6,100.0,topic_1,0.0,topic_2,0.0
topic_8,49.43205069276584,topic_9,24.190200656996712,topic_2,7.454130137933962
topic_4,91.90927655022759,topic_6,8.090723449772396,topic_1,0.0
topic_8,89.88177338758148,topic_9,6.504453743137073,topic_6,3.613772869281438
topic_4,91.90927655022759,topic_6,8.090723449772396,topic_1,0.0
topic_6,77.68473012516375,topic_4,17.591040646678167,topic_8,4.724229228158069
topic_7,83.67930559443862,topic_2,10.312061898043275,topic_9,3.031862942648637
topic_1,,topic_2,,topic_3,
topic_5,45.484881436633046,topic_8,22.907042270190853,topic_9,15.429735005084902
topic_6,60.698825884219005,topic_5,39.301174115781,topic_1,0.0
topic_6,99.00991222121885,topic_4,0.990087778781153,topic_1,0.0
topic_5,89.20457916156865,topic_3,5.535169413534058,topic_4,5.260251424897286
topic_2,81.543693977538,topic_9,16.413931675260127,topic_7,2.0423743472018674
topic_2,85.61905296100534,topic_8,10.242345609345643,topic_4,2.157124691309979
topic_2,99.83027575363674,topic_3,0.1697242463632586,topic_1,0.0
topic_9,100.0,topic_1,0.0,topic_2,0.0
topic_1,100.0,topic_2,0.0,topic_3,0.0
topic_1,66.86153769412562,topic_8,33.138462305874384,topic_2,0.0
topic_1,98.63283420530114,topic_10,1.3671657946988691,topic_2,0.0
topic_1,98.63283420530114,topic_10,1.3671657946988691,topic_2,0.0
topic_1,100.0,topic_2,0.0,topic_3,0.0
topic_1,94.68268054184796,topic_9,4.419330026673393,topic_8,0.8979894314786478
topic_1,77.54275552814853,topic_6,22.457244471851478,topic_2,0.0
topic_1,100.0,topic_2,0.0,topic_3,0.0
topic_1,77.77555540216186,topic_8,13.434561168139137,topic_9,6.617314608279239
topic_1,99.5772256531621,topic_7,0.4227743468378829,topic_2,0.0
topic_1,100.0,topic_2,0.0,topic_3,0.0
topic_1,83.28532300022884,topic_4,4.886875497486457,topic_5,4.101515599166348
topic_1,98.63283420530114,topic_10,1.3671657946988691,topic_2,0.0
topic_1,99.88027312709099,topic_7,0.11972687290902105,topic_2,0.0
topic_1,74.46803415380191,topic_2,5.903190938778529,topic_8,4.621888961477924
topic_1,88.13652333301668,topic_4,7.687036123623912,topic_3,3.565267691820506
topic_1,100.0,topic_2,0.0,topic_3,0.0
topic_1,98.63283420530114,topic_10,1.3671657946988691,topic_2,0.0
topic_1,100.0,topic_2,0.0,topic_3,0.0
topic_1,98.63283420530114,topic_10,1.3671657946988691,topic_2,0.0
topic_1,99.72711044394292,topic_7,0.2728895560570772,topic_2,0.0
topic_1,98.63283420530114,topic_10,1.3671657946988691,topic_2,0.0
topic_1,79.79274902298967,topic_6,13.567949289053681,topic_2,3.3406421176773624
topic_1,67.25925005775939,topic_8,28.900941897778623,topic_9,3.0079486513104796
topic_10,89.98641178319754,topic_1,10.013588216802455,topic_2,0.0
topic_1,87.64788834597613,topic_8,11.506425223199287,topic_9,0.8456864308245879
topic_10,89.98641178319754,topic_1,10.013588216802455,topic_2,0.0
topic_1,100.0,topic_2,0.0,topic_3,0.0
topic_1,98.63283420530114,topic_10,1.3671657946988691,topic_2,0.0
topic_1,83.28532300022884,topic_4,4.886875497486457,topic_5,4.101515599166348
topic_1,84.1068390922704,topic_6,7.750629978992608,topic_4,4.214907034927964
topic_1,90.95047506766544,topic_6,9.03030660083484,topic_2,0.01921833149973572
topic_1,98.63283420530114,topic_10,1.3671657946988691,topic_2,0.0
topic_1,92.07201685736653,topic_8,5.114604666295934,topic_2,1.5666715402423421
topic_1,98.63283420530114,topic_10,1.3671657946988691,topic_2,0.0
topic_1,97.77992737713684,topic_8,1.0228189467486932,topic_2,0.9997690302902582
topic_1,98.63283420530114,topic_10,1.3671657946988691,topic_2,0.0
topic_1,96.89382309760049,topic_4,2.5565556641461726,topic_2,0.5496212382533303
topic_1,98.63283420530114,topic_10,1.3671657946988691,topic_2,0.0
topic_1,98.63283420530114,topic_10,1.3671657946988691,topic_2,0.0
topic_1,100.0,topic_2,0.0,topic_3,0.0
topic_1,100.0,topic_2,0.0,topic_3,0.0
topic_1,98.70025522999387,topic_8,0.5481850197990894,topic_9,0.3693553274730761
topic_1,91.7873195012001,topic_9,3.711239791060741,topic_8,2.05089351050484
topic_1,83.42050678147774,topic_4,4.311050086159413,topic_5,3.4628626946197536
topic_1,98.63283420530114,topic_10,1.3671657946988691,topic_2,0.0
topic_1,97.48550567549395,topic_8,1.5941570717602305,topic_5,0.5252621423214325
topic_1,90.85811519752748,topic_8,3.132576475948264,topic_9,2.740314897213349
topic_1,100.0,topic_2,0.0,topic_3,0.0
topic_1,100.0,topic_2,0.0,topic_3,0.0
topic_1,100.0,topic_2,0.0,topic_3,0.0
topic_1,94.36100807958587,topic_8,3.6922887267293167,topic_9,1.9467031936848067
topic_10,89.98641178319754,topic_1,10.013588216802455,topic_2,0.0
topic_1,86.61383187841156,topic_8,8.231806886169018,topic_4,2.493153081942849
topic_1,98.63283420530114,topic_10,1.3671657946988691,topic_2,0.0
topic_1,99.93437343344397,topic_8,0.06562656655603509,topic_2,0.0
topic_1,99.74003007936986,topic_7,0.25996992063014596,topic_2,0.0
topic_1,100.0,topic_2,0.0,topic_3,0.0
topic_10,89.98641178319754,topic_1,10.013588216802455,topic_2,0.0
topic_1,95.88452435158842,topic_9,2.2346278420426997,topic_8,1.5920836742565037
topic_1,94.20340362695147,topic_9,5.361334495811292,topic_8,0.4352618772372268
topic_1,100.0,topic_2,0.0,topic_3,0.0
topic_1,99.6081957531521,topic_7,0.3918042468478883,topic_2,0.0
topic_1,100.0,topic_2,0.0,topic_3,0.0
topic_1,72.18736185663195,topic_10,27.81263814336805,topic_2,0.0
topic_1,99.86230682243291,topic_4,0.13769317756707744,topic_2,0.0
topic_1,100.0,topic_2,0.0,topic_3,0.0
topic_1,99.9517862037361,topic_10,0.048213796263884674,topic_2,0.0
topic_1,100.0,topic_2,0.0,topic_3,0.0
topic_1,98.63283420530114,topic_10,1.3671657946988691,topic_2,0.0
topic_1,98.55608375200181,topic_8,0.6720278417385519,topic_7,0.3675272186657429
topic_1,98.63283420530114,topic_10,1.3671657946988691,topic_2,0.0
topic_1,98.8778898113073,topic_9,1.1221101886926999,topic_2,0.0
topic_1,90.51223065838279,topic_9,5.958860731767293,topic_4,1.0223748835663202
topic_1,98.63283420530114,topic_10,1.3671657946988691,topic_2,0.0
topic_1,88.70103483801623,topic_2,7.293027970956551,topic_9,1.9079993627386758
topic_1,100.0,topic_2,0.0,topic_3,0.0
topic_1,100.0,topic_2,0.0,topic_3,0.0
topic_1,89.38469482624701,topic_4,10.281966980671426,topic_10,0.32223221551483705
topic_10,89.98641178319754,topic_1,10.013588216802455,topic_2,0.0
topic_1,100.0,topic_2,0.0,topic_3,0.0
topic_10,89.98641178319754,topic_1,10.013588216802455,topic_2,0.0
topic_1,96.58091764465408,topic_9,3.2530823142014555,topic_10,0.11457571236267254
topic_1,100.0,topic_2,0.0,topic_3,0.0
topic_1,98.55398976999541,topic_9,0.6450395487172014,topic_10,0.5199342902018602
topic_1,65.7434040886189,topic_10,31.259017660353816,topic_4,2.4886934205809936
topic_1,97.86096839300176,topic_8,1.7874399396680694,topic_5,0.35159166733016695
topic_1,99.74003007936986,topic_7,0.25996992063014596,topic_2,0.0
topic_1,99.66813007948554,topic_5,0.3318699205144661,topic_2,0.0
topic_1,99.83573087854687,topic_8,0.11297098192450064,topic_7,0.05129813952863163
topic_10,91.80727353161338,topic_1,7.8992615152799655,topic_7,0.23889170150349875
topic_1,98.63283420530114,topic_10,1.3671657946988691,topic_2,0.0
topic_1,100.0,topic_2,0.0,topic_3,0.0
topic_1,100.0,topic_2,0.0,topic_3,0.0
topic_1,98.57648535855245,topic_2,0.6110513408925136,topic_8,0.4179682764272905
topic_1,91.31028445655257,topic_6,8.689715543447438,topic_2,0.0
topic_1,98.47481733942995,topic_8,0.9816635736917665,topic_9,0.5435190868782768
topic_1,100.00000000000001,topic_2,0.0,topic_3,0.0
topic_1,100.0,topic_2,0.0,topic_3,0.0
topic_1,100.0,topic_2,0.0,topic_3,0.0
topic_1,95.89593458433937,topic_2,3.1689147607897916,topic_4,0.9351506548708419
topic_1,84.1068390922704,topic_6,7.750629978992608,topic_4,4.214907034927964
topic_1,100.0,topic_2,0.0,topic_3,0.0
topic_1,97.54110104608533,topic_8,2.4588989539146753,topic_2,0.0
topic_1,100.0,topic_2,0.0,topic_3,0.0
topic_1,84.1068390922704,topic_6,7.750629978992608,topic_4,4.214907034927964
topic_1,96.82886026157897,topic_4,2.6173551656974285,topic_2,0.5537845727236137
topic_1,94.60343650418532,topic_8,3.452373647051458,topic_9,1.9441898487632319
topic_1,83.02473879651455,topic_4,8.371561817814648,topic_3,2.867852552125272
topic_1,100.0,topic_2,0.0,topic_3,0.0
topic_1,100.0,topic_2,0.0,topic_3,0.0
topic_1,100.0,topic_2,0.0,topic_3,0.0
topic_1,98.19691385183239,topic_9,1.803086148167623,topic_2,0.0
topic_1,100.0,topic_2,0.0,topic_3,0.0
topic_1,100.0,topic_2,0.0,topic_3,0.0
topic_1,97.82881112347694,topic_8,2.1711888765230616,topic_2,0.0
topic_1,100.0,topic_2,0.0,topic_3,0.0
topic_1,97.12614300494461,topic_7,2.1687316172719617,topic_9,0.7051253777834278
topic_1,98.63283420530114,topic_10,1.3671657946988691,topic_2,0.0
topic_1,95.68866685715919,topic_9,4.3076956756782,topic_5,0.003637467162616301
topic_1,98.7340203580274,topic_8,1.235248121218847,topic_2,0.030731520753772813
topic_1,99.44277184335691,topic_2,0.2905384422889612,topic_7,0.26668971435411776
topic_1,98.63283420530114,topic_10,1.3671657946988691,topic_2,0.0
topic_2,29.355268707729817,topic_9,28.90999968689359,topic_5,17.398232752144597
topic_5,98.65541748411034,topic_3,0.7219337081223143,topic_4,0.6226488077673448
topic_5,98.4334559464707,topic_4,0.9699979011251094,topic_3,0.5965461524042056
topic_8,48.79957491272246,topic_5,33.00827338206272,topic_9,8.625357952690049
topic_9,81.6897529147632,topic_2,16.019031397668975,topic_4,1.688782478921541
topic_3,80.66647624839716,topic_5,19.33352375160284,topic_1,0.0
topic_9,96.4008408493204,topic_4,3.5991591506795984,topic_1,0.0
topic_5,81.57377399580787,topic_4,16.331758848284668,topic_3,2.0944671559074695
topic_5,89.78973291046741,topic_2,9.397604309632971,topic_7,0.8126627798996248
topic_2,56.355823232240326,topic_9,42.97733035756475,topic_5,0.6668464101949173
topic_4,77.2766393178837,topic_7,13.203798149255126,topic_5,7.091500738608628
topic_5,93.62427534506358,topic_8,2.1576037268782233,topic_9,1.2696617380262791
topic_5,99.52725241586023,topic_4,0.47274758413976364,topic_1,0.0
topic_5,62.70255448954353,topic_4,21.60061106770809,topic_9,14.976451652476074
topic_9,55.15406932157718,topic_5,21.28573645826562,topic_6,6.973174269813546
topic_5,99.51561095148013,topic_4,0.48438904851989295,topic_1,0.0
topic_5,70.4550961971553,topic_4,27.350195241342668,topic_3,2.1947085615020345
topic_9,77.61351154551765,topic_8,18.687893630396143,topic_6,3.6985948240862054
topic_2,92.45456710667222,topic_8,7.085599841031852,topic_5,0.4598330522959273
topic_5,100.00000000000001,topic_1,0.0,topic_2,0.0
topic_4,98.33762065497176,topic_3,1.6623793450282554,topic_1,0.0
topic_4,32.119039357965384,topic_2,31.627402743772265,topic_9,12.243232894343103
topic_8,72.20818643815831,topic_9,25.724355589659826,topic_6,2.067457972181865
topic_5,98.9601246980029,topic_3,1.0398753019970972,topic_1,0.0
topic_5,99.30820379347617,topic_4,0.6917962065238197,topic_1,0.0
topic_8,49.63599881348395,topic_9,35.62045487578935,topic_7,14.743546310726707
topic_1,98.55764829303473,topic_8,0.9295291486758901,topic_9,0.5128225582893721
topic_1,93.29707013389763,topic_9,4.511610790604993,topic_8,1.737891561173505
topic_1,100.0,topic_2,0.0,topic_3,0.0
topic_1,98.63283420530114,topic_10,1.3671657946988691,topic_2,0.0
topic_1,100.0,topic_2,0.0,topic_3,0.0
topic_6,56.58783213781179,topic_8,22.905082756209232,topic_9,20.33579377524122
topic_1,100.0,topic_2,0.0,topic_3,0.0
topic_1,84.3054671438456,topic_4,4.643455034033525,topic_5,3.777029864295438
topic_1,100.0,topic_2,0.0,topic_3,0.0
topic_4,95.08847962477105,topic_9,4.294626312524879,topic_3,0.6168940627040502
topic_10,89.98641178319754,topic_1,10.013588216802455,topic_2,0.0
topic_1,97.51847002421283,topic_8,1.5808723068174098,topic_5,0.5165496654232895
topic_1,95.80751086740544,topic_2,3.2420216266187323,topic_4,0.9504675059758305
topic_1,98.9437953398322,topic_10,0.7938662134975946,topic_4,0.26233844667019995
topic_1,100.0,topic_2,0.0,topic_3,0.0
topic_1,96.29958794432554,topic_4,1.0007469940683729,topic_2,0.9965676815472209
topic_1,98.63283420530114,topic_10,1.3671657946988691,topic_2,0.0
topic_1,99.68786919899487,topic_5,0.3121308010051323,topic_2,0.0
topic_1,72.18736185663195,topic_10,27.81263814336805,topic_2,0.0
topic_1,84.23717293828796,topic_4,8.649465757680098,topic_2,3.570658113446229
topic_1,100.0,topic_2,0.0,topic_3,0.0
topic_1,100.0,topic_2,0.0,topic_3,0.0
topic_1,60.81023622206983,topic_8,16.46810632513922,topic_9,8.45041911215741
topic_1,100.00000000000001,topic_2,0.0,topic_3,0.0
topic_4,94.74221909454387,topic_7,5.257780905456132,topic_1,0.0
topic_1,90.27031707250175,topic_2,9.07340819237369,topic_8,0.5664765828000794
topic_8,30.429836507388774,topic_4,23.79226007474878,topic_9,23.54104905424788
topic_1,99.93437343344397,topic_8,0.06562656655603509,topic_2,0.0
topic_1,98.63283420530114,topic_10,1.3671657946988691,topic_2,0.0
topic_1,94.10911686185695,topic_9,5.492098463448559,topic_8,0.39878467469449497
topic_1,97.92046065796681,topic_8,0.9557177871397255,topic_2,0.9446996441173596
topic_1,100.0,topic_2,0.0,topic_3,0.0
topic_1,97.12610806219557,topic_7,2.0959186484238876,topic_9,0.7779732893805449
topic_1,100.0,topic_2,0.0,topic_3,0.0
topic_1,98.63283420530114,topic_10,1.3671657946988691,topic_2,0.0
topic_1,97.77992737713684,topic_8,1.0228189467486932,topic_2,0.9997690302902582
topic_1,100.0,topic_2,0.0,topic_3,0.0
topic_10,91.63551195159936,topic_1,7.518220574336547,topic_4,0.700551281968436
topic_10,91.63279817887471,topic_1,8.367201821125303,topic_2,0.0
topic_1,100.0,topic_2,0.0,topic_3,0.0
topic_1,98.63283420530114,topic_10,1.3671657946988691,topic_2,0.0
topic_1,99.99999999999999,topic_2,0.0,topic_3,0.0
topic_1,81.74720631166052,topic_10,17.556618155506854,topic_7,0.5184666787116105
topic_1,98.63283420530114,topic_10,1.3671657946988691,topic_2,0.0
topic_1,100.0,topic_2,0.0,topic_3,0.0
topic_1,99.74003007936986,topic_7,0.25996992063014596,topic_2,0.0
topic_1,84.3054671438456,topic_4,4.643455034033525,topic_5,3.777029864295438
topic_1,91.32174699626948,topic_9,8.267359985964829,topic_10,0.4108930177656947
topic_1,98.63283420530114,topic_10,1.3671657946988691,topic_2,0.0
topic_1,97.3831249843343,topic_8,1.587860084146389,topic_5,0.5194557641604406
topic_1,80.93326342936132,topic_9,16.04127325036536,topic_8,3.0254633202733054
topic_1,99.83573087854687,topic_8,0.11297098192450064,topic_7,0.05129813952863163
topic_1,100.0,topic_2,0.0,topic_3,0.0
topic_1,100.0,topic_2,0.0,topic_3,0.0
topic_1,100.0,topic_2,0.0,topic_3,0.0
topic_1,98.63283420530114,topic_10,1.3671657946988691,topic_2,0.0
topic_8,44.69881177303571,topic_9,34.19120633481258,topic_2,21.10998189215171
topic_1,99.9887096130048,topic_3,0.011290386995206158,topic_2,0.0
topic_1,100.0,topic_2,0.0,topic_3,0.0
topic_2,71.67848108651991,topic_9,28.321518913480084,topic_1,0.0
topic_1,99.74003007936986,topic_7,0.25996992063014596,topic_2,0.0
topic_1,99.86230682243291,topic_4,0.13769317756707744,topic_2,0.0
topic_1,100.0,topic_2,0.0,topic_3,0.0
topic_1,98.63283420530114,topic_10,1.3671657946988691,topic_2,0.0
topic_1,98.63283420530114,topic_10,1.3671657946988691,topic_2,0.0
topic_1,96.7390051970668,topic_4,2.673160505163539,topic_2,0.58783429776966
topic_1,100.0,topic_2,0.0,topic_3,0.0
topic_1,98.63283420530114,topic_10,1.3671657946988691,topic_2,0.0
topic_1,98.63283420530114,topic_10,1.3671657946988691,topic_2,0.0
topic_2,99.75447757124752,topic_5,0.2455224287524813,topic_1,0.0
topic_1,99.99999999999999,topic_2,0.0,topic_3,0.0
topic_1,80.3073635142591,topic_8,11.571086932621757,topic_9,4.616051735624295
topic_4,75.3327681453022,topic_9,17.206780265472457,topic_2,7.460451589225349
topic_1,98.63283420530114,topic_10,1.3671657946988691,topic_2,0.0
topic_1,88.77102829206244,topic_9,5.7146344016084125,topic_8,2.8547553411080893
topic_1,97.68515567074174,topic_9,2.2543585374556723,topic_5,0.06048579180258294
topic_1,100.0,topic_2,0.0,topic_3,0.0
topic_2,100.0,topic_1,0.0,topic_3,0.0
topic_1,90.62204899247935,topic_6,9.215659362394092,topic_10,0.16229164512656744
topic_1,100.0,topic_2,0.0,topic_3,0.0
topic_8,50.60268515928213,topic_2,49.39731484071786,topic_1,0.0
topic_1,97.12614300494461,topic_7,2.1687316172719617,topic_9,0.7051253777834278
topic_1,98.63283420530114,topic_10,1.3671657946988691,topic_2,0.0
topic_9,94.93382374823813,topic_6,4.359449561196497,topic_4,0.7067266905653808
topic_8,70.01837542399983,topic_4,11.990573065527602,topic_3,10.311073441971004
topic_8,67.22524984952258,topic_3,20.851115238666594,topic_5,9.326440761896565
topic_3,100.0,topic_1,0.0,topic_2,0.0
topic_4,81.66219977348189,topic_3,10.162929251714873,topic_5,8.174870974803255
topic_3,41.5201914405064,topic_8,31.342548056240595,topic_5,20.130633650130267
topic_3,83.2386659323016,topic_5,14.006688753830083,topic_4,2.754645313868328
topic_3,100.0,topic_1,0.0,topic_2,0.0
topic_3,95.42404125934523,topic_8,2.0325053625133824,topic_9,1.8568877008684426
topic_5,69.28057573887759,topic_4,18.06972490919774,topic_3,7.772465396690101
topic_3,100.0,topic_1,0.0,topic_2,0.0
topic_4,39.70980545432703,topic_3,26.37220081222482,topic_5,17.41750159526639
topic_3,41.5201914405064,topic_8,31.342548056240595,topic_5,20.130633650130267
topic_4,80.76048407581655,topic_5,18.14165734276856,topic_2,1.0978585814148982
topic_3,99.82408663948675,topic_5,0.1759133605132479,topic_1,0.0
topic_5,100.0,topic_1,0.0,topic_2,0.0
topic_3,97.92009781490712,topic_5,1.4152190760701597,topic_4,0.6646831090227105
topic_3,96.91518599947823,topic_4,2.7642202696589737,topic_10,0.3205937308627986
topic_5,97.858017595213,topic_6,0.8300252729994286,topic_3,0.7327991866262065
topic_4,36.60855184539177,topic_3,20.146399520162333,topic_9,19.351057597118828
topic_4,32.10734472876971,topic_5,22.218645458816003,topic_8,20.900012284278493
topic_4,90.59904603769135,topic_3,8.82616711385602,topic_5,0.4110818258246276
topic_3,98.94617155863686,topic_9,1.0538284413631296,topic_1,0.0
topic_3,100.0,topic_1,0.0,topic_2,0.0
topic_3,100.0,topic_1,0.0,topic_2,0.0
topic_4,95.73164792280937,topic_3,4.26835207719062,topic_1,0.0
topic_3,100.0,topic_1,0.0,topic_2,0.0
topic_5,73.45562941601621,topic_4,22.86053421169021,topic_3,3.1092080493921395
topic_3,41.5201914405064,topic_8,31.342548056240595,topic_5,20.130633650130267
topic_5,99.63348220652462,topic_2,0.3665177934753789,topic_1,0.0
topic_9,42.92100458386271,topic_3,20.588498044445327,topic_8,13.003588846987293
topic_2,30.259490716935588,topic_5,19.504515888322874,topic_4,17.179188010089238
topic_4,67.37842912994152,topic_3,23.27028556724867,topic_8,5.044745016838704
topic_5,100.0,topic_1,0.0,topic_2,0.0
topic_4,83.0161235500545,topic_5,16.983876449945498,topic_1,0.0
topic_4,96.1262471729698,topic_9,3.873752827030199,topic_1,0.0
topic_4,83.25194853587571,topic_5,16.748051464124284,topic_1,0.0
topic_3,59.94472087878712,topic_4,26.628338066838893,topic_5,9.161246922032541
topic_3,97.60641734135888,topic_4,2.393582658641112,topic_1,0.0
topic_3,100.0,topic_1,0.0,topic_2,0.0
topic_5,72.47116925277709,topic_3,11.513885159005522,topic_8,11.18619667137505
topic_4,99.39291795340621,topic_7,0.6070820465937767,topic_1,0.0
topic_3,97.96989414634244,topic_4,2.0301058536575596,topic_1,0.0
topic_3,100.0,topic_1,0.0,topic_2,0.0
topic_5,100.0,topic_1,0.0,topic_2,0.0
topic_4,36.411520671513145,topic_3,34.11508025957075,topic_5,25.335931879033446
topic_8,55.14758001777442,topic_4,19.924188564404133,topic_9,12.841802234286705
topic_3,100.0,topic_1,0.0,topic_2,0.0
topic_4,28.01572983457991,topic_3,27.70054494151653,topic_9,22.148624730500327
topic_7,31.833089400252327,topic_3,24.51098510312892,topic_6,23.103851766117128
topic_4,32.10734472876971,topic_5,22.218645458816003,topic_8,20.900012284278493
topic_4,35.72529041678258,topic_8,28.436112030670895,topic_7,26.90390187055634
topic_4,98.07928654439036,topic_8,1.9207134556096563,topic_1,0.0
topic_3,81.87008860776461,topic_8,7.06892439637695,topic_9,4.224408428183343
topic_4,100.0,topic_1,0.0,topic_2,0.0
topic_8,65.75496939895847,topic_9,17.34567155454227,topic_4,16.89935904649926
topic_4,100.0,topic_1,0.0,topic_2,0.0
topic_8,68.13427613155707,topic_5,11.950543921687359,topic_4,11.304316148045984
topic_4,99.80226218498342,topic_1,0.19773781501657303,topic_2,0.0
topic_3,99.98500411650105,topic_4,0.01499588349895146,topic_1,0.0
topic_4,32.10734472876971,topic_5,22.218645458816003,topic_8,20.900012284278493
topic_4,98.5536909026682,topic_6,1.4463090973318036,topic_1,0.0
topic_2,38.77220055148052,topic_9,27.046699752029447,topic_5,17.068300735823605
topic_1,,topic_2,,topic_3,
topic_7,85.56277975285535,topic_6,14.437220247144644,topic_1,0.0
topic_9,100.0,topic_1,0.0,topic_2,0.0
topic_2,63.218868779096056,topic_8,23.8796362501442,topic_4,5.970717562410595
topic_2,63.218868779096056,topic_8,23.8796362501442,topic_4,5.970717562410595
topic_4,37.46744500686964,topic_7,31.15857392821565,topic_9,19.57201538924109
topic_7,32.27898265489847,topic_8,32.132992787019965,topic_9,23.34549634991192
topic_5,41.118727044487564,topic_2,31.582765137977837,topic_9,19.06543049961928
topic_2,100.0,topic_1,0.0,topic_3,0.0
topic_9,74.30212707163363,topic_4,15.051907822472005,topic_5,10.645965105894371
topic_1,,topic_2,,topic_3,
topic_4,100.0,topic_1,0.0,topic_2,0.0
topic_4,92.4231638104121,topic_7,3.8536729465519457,topic_8,3.7231632430359327
topic_4,98.18029188264609,topic_6,1.3226656250000994,topic_10,0.4970424923538097
topic_7,99.90239170215985,topic_5,0.0976082978401444,topic_1,0.0
topic_4,85.11406754523324,topic_7,14.885932454766776,topic_1,0.0
topic_4,100.0,topic_1,0.0,topic_2,0.0
topic_4,100.0,topic_1,0.0,topic_2,0.0
topic_4,65.11260989501446,topic_8,20.95661517834787,topic_9,6.20130646439356
topic_3,56.7584549452148,topic_5,26.23699991036981,topic_4,17.004545144415385
topic_4,99.51696120726817,topic_3,0.48303879273183536,topic_1,0.0
topic_8,55.734130290281314,topic_7,31.34571443067744,topic_9,12.920155279041246
topic_4,41.135952325285054,topic_2,38.58316837289741,topic_5,20.28087930181754
topic_8,74.12334678741594,topic_4,11.972336856014755,topic_2,8.504352483876175
topic_5,68.52620346260493,topic_9,14.005845580940726,topic_3,5.523740720628027
topic_1,,topic_2,,topic_3,
topic_4,24.865780891208125,topic_3,19.405883695189683,topic_1,17.51863535878901
topic_3,52.77662413579829,topic_4,31.968542987265508,topic_5,9.75227841853909
topic_9,24.82003556764356,topic_4,19.82854172772017,topic_8,19.345050042161915
topic_3,29.054816395897152,topic_9,28.781239962009238,topic_4,19.723231039958367
topic_4,59.50486346851088,topic_3,23.06594743079265,topic_9,7.2263223897756586
topic_4,24.865780891208125,topic_3,19.405883695189683,topic_1,17.51863535878901
topic_3,63.714148090125846,topic_4,22.05339025219625,topic_2,9.160507733248105
topic_3,48.46922425097012,topic_4,32.763567432110115,topic_5,10.700728439162516
topic_8,35.04478330934025,topic_5,20.61864599373489,topic_4,16.905363597656127
topic_9,69.2174346260628,topic_8,29.4279548217705,topic_5,1.3546105521667116
topic_4,37.99330420139004,topic_9,21.772957048757867,topic_7,17.989649884624114
topic_4,71.785025970313,topic_9,28.214974029686992,topic_1,0.0
topic_4,71.785025970313,topic_9,28.214974029686992,topic_1,0.0
topic_9,68.49182842150393,topic_8,27.138979232982653,topic_6,4.265217182533871
topic_9,77.90428898345169,topic_8,22.095711016548304,topic_1,0.0
